Jugador,Mín,Goles_Anotados_S,Tiros_Penales_Intentados_S,xG,npxG,ACG,Regates_intentados_S,Distancia_de_paso_progresiva_P,Cruce_en_el_área_de_penalización_P,Pases_progresivos_P,Pases_Largos_PT,Saques_de_esquina_hacia_adentro_PT,Pases_intentados_Cortos_P,Pases_intentados_Medios_P,Pases_intentados_Largos_P,Intercepciones_D,Barridas_en_la_defensa_D,Robos_intentados_PO,Distancia_de_traslado_progresivo_PO,Robos_intentados_PO,Penal_ejecutado_M,Posicion_adelantada_M
Aaron Cresswell,2165,0,0,0.1,0.1,1.0,7.0,8318.0,15.0,142.0,1.0,3.0,646.0,474.0,201.0,27,12.0,7.0,1667.0,7.0,0.0,1
Aaron Hickey,1847,0,0,0.2,0.2,2.0,44.0,3240.0,4.0,80.0,2.0,0.0,404.0,302.0,78.0,17,27.0,44.0,1764.0,44.0,0.0,1
Aaron Wan-Bissaka,1345,0,0,1.2000000000000002,1.2000000000000002,1.0,34.0,3043.0,2.0,53.0,2.0,0.0,450.0,224.0,41.0,21,19.0,34.0,1297.0,34.0,0.0,0
Abdul Mumin,742,0,0,0.30000000000000004,0.30000000000000004,0.0,9.0,1728.0,1.0,17.0,0.0,0.0,76.0,179.0,84.0,8,4.0,9.0,610.0,9.0,0.0,0
Abner,517,0,0,1.7000000000000002,1.7000000000000002,1.0,9.0,1437.0,1.0,14.0,0.0,0.0,129.0,105.0,33.0,8,9.0,9.0,380.0,9.0,0.0,0
Adam Armstrong,1307,1,0,1.8,1.8,1.0,41.0,577.0,2.0,16.0,0.0,0.0,145.0,88.0,23.0,4,6.0,41.0,957.0,41.0,0.0,2
Adam Forshaw,328,0,0,0.0,0.0,0.0,8.0,641.0,0.0,20.0,0.0,1.0,60.0,36.0,27.0,3,3.0,8.0,189.0,8.0,0.0,0
Adam Lallana,722,2,0,1.1,1.1,2.0,6.0,656.0,1.0,33.0,0.0,0.0,194.0,74.0,9.0,2,6.0,6.0,420.0,6.0,0.0,0
Adam Smith,2861,0,0,0.6,0.6,2.0,30.0,6632.0,18.0,81.0,0.0,0.0,496.0,486.0,185.0,25,26.0,30.0,1321.0,30.0,0.0,0
Adam Webster,1921,0,0,1.7,1.7,1.0,8.0,9917.0,1.0,117.0,0.0,0.0,593.0,863.0,175.0,19,9.0,8.0,3696.0,8.0,0.0,0
Aihen Muñoz,1576,0,0,0.1,0.1,2.0,38.0,4757.0,10.0,48.0,0.0,0.0,381.0,363.0,120.0,7,16.0,38.0,1259.0,38.0,0.0,0
Aimar Oroz,1746,3,1,3.5,2.7,9.0,53.0,1884.0,0.0,73.0,4.0,1.0,394.0,213.0,42.0,20,6.0,53.0,1133.0,53.0,0.0,2
Ainsley Maitland-Niles,1407,0,0,0.0,0.0,2.0,22.0,3245.0,5.0,57.0,2.0,0.0,331.0,258.0,84.0,22,23.0,22.0,885.0,22.0,1.0,0
Aitor Paredes,599,0,0,0.4,0.4,0.0,1.0,2121.0,0.0,26.0,0.0,0.0,107.0,188.0,64.0,13,3.0,1.0,552.0,1.0,0.0,0
Aitor Ruibal,1323,0,0,0.8,0.8,1.0,62.0,3374.0,5.0,55.0,1.0,0.0,356.0,252.0,95.0,22,31.0,62.0,1671.0,62.0,0.0,2
Albert Sambi Lokonga,734,0,0,0.2,0.2,0.0,7.0,1619.0,0.0,32.0,3.0,0.0,186.0,164.0,40.0,12,7.0,7.0,513.0,7.0,0.0,0
Alberto Moreno,1144,0,0,0.6000000000000001,0.6000000000000001,2.0,11.0,2282.0,5.0,36.0,1.0,3.0,286.0,248.0,48.0,21,6.0,11.0,1148.0,11.0,0.0,3
Aleix Vidal,982,0,0,0.1,0.1,3.0,18.0,1165.0,3.0,23.0,1.0,0.0,164.0,111.0,46.0,14,6.0,18.0,390.0,18.0,0.0,1
Alejandro Balde,2365,1,0,1.7000000000000002,1.7000000000000002,8.0,92.0,4197.0,16.0,76.0,0.0,0.0,909.0,516.0,103.0,12,21.0,92.0,3881.0,92.0,0.0,5
Alejandro Garnacho,482,3,0,2.1,2.1,5.0,40.0,186.0,0.0,8.0,0.0,0.0,110.0,24.0,4.0,4,0.0,40.0,815.0,40.0,0.0,3
Alex Iwobi,3288,2,0,2.2,2.2,9.0,108.0,6443.0,16.0,191.0,14.0,14.0,637.0,544.0,214.0,25,37.0,108.0,3300.0,108.0,1.0,4
Alex Oxlade-Chamberlain,335,1,0,1.2000000000000002,1.2000000000000002,0.0,14.0,347.0,0.0,14.0,2.0,0.0,45.0,34.0,14.0,1,1.0,14.0,258.0,14.0,0.0,1
Alex Telles,1292,0,0,0.30000000000000004,0.30000000000000004,4.0,25.0,3122.0,13.0,37.0,1.0,7.0,282.0,231.0,119.0,18,13.0,25.0,844.0,25.0,1.0,1
Alexander Callens,83,0,0,0.0,0.0,0.0,0.0,335.0,0.0,6.0,0.0,0.0,27.0,31.0,1.0,1,2.0,0.0,138.0,0.0,0.0,0
Alexander Isak,1497,11,2,8.0,6.5,5.0,65.0,887.0,0.0,43.0,8.0,0.0,172.0,96.0,26.0,4,3.0,65.0,1085.0,65.0,1.0,5
Alexander Sørloth,2192,11,0,11.2,11.2,4.0,72.0,515.0,2.0,19.0,1.0,0.0,257.0,127.0,13.0,2,3.0,72.0,1123.0,72.0,0.0,17
Alexis Mac Allister,2667,10,6,11.7,6.9,7.0,63.0,5798.0,1.0,161.0,13.0,7.0,869.0,611.0,140.0,22,22.0,63.0,2832.0,63.0,0.0,0
Alfonso Espino,2852,0,0,1.4,1.4,7.0,48.0,7282.0,18.0,99.0,4.0,1.0,525.0,532.0,268.0,42,52.0,48.0,1997.0,48.0,0.0,3
Alfonso Pedraza,1543,0,0,1.0,1.0,4.0,57.0,2337.0,7.0,29.0,0.0,0.0,366.0,267.0,73.0,15,19.0,57.0,2147.0,57.0,0.0,2
Allan Saint-Maximin,1029,1,0,1.6,1.6,9.0,89.0,1398.0,4.0,61.0,4.0,0.0,188.0,146.0,37.0,4,3.0,89.0,2229.0,89.0,0.0,1
Amadou Onana,2398,1,0,2.9000000000000004,2.9000000000000004,2.0,51.0,2822.0,0.0,71.0,5.0,0.0,468.0,344.0,82.0,35,23.0,51.0,1348.0,51.0,0.0,2
Ander Barrenetxea,756,3,0,2.4,2.4,1.0,53.0,1014.0,1.0,23.0,1.0,0.0,154.0,103.0,27.0,5,15.0,53.0,732.0,53.0,0.0,0
Ander Capa,109,0,0,0.0,0.0,0.0,3.0,441.0,1.0,12.0,0.0,0.0,35.0,37.0,12.0,0,1.0,3.0,193.0,3.0,0.0,0
Ander Guevara,192,0,0,0.0,0.0,0.0,3.0,519.0,0.0,13.0,1.0,0.0,78.0,65.0,7.0,2,2.0,3.0,274.0,3.0,0.0,0
Ander Herrera,634,0,0,0.4,0.4,1.0,9.0,1207.0,0.0,36.0,6.0,0.0,214.0,141.0,32.0,10,7.0,9.0,427.0,9.0,0.0,0
Andoni Gorosabel,1505,0,0,0.5,0.5,1.0,17.0,4347.0,11.0,64.0,0.0,0.0,471.0,315.0,74.0,14,22.0,17.0,1208.0,17.0,0.0,0
Andreas Christensen,1535,1,0,0.7,0.7,2.0,2.0,7663.0,0.0,85.0,3.0,0.0,517.0,684.0,130.0,18,6.0,2.0,2981.0,2.0,0.0,0
Andreas Pereira,2692,4,1,7.4,6.6,12.0,49.0,4235.0,9.0,121.0,1.0,51.0,419.0,315.0,251.0,6,3.0,49.0,1662.0,49.0,0.0,2
Andrew Robertson,2583,0,0,1.3,1.3,13.0,42.0,9527.0,14.0,166.0,2.0,23.0,943.0,938.0,286.0,18,12.0,42.0,3934.0,42.0,0.0,7
Angelo Ogbonna,1147,0,0,0.2,0.2,0.0,0.0,1798.0,0.0,10.0,0.0,0.0,111.0,191.0,55.0,17,7.0,0.0,382.0,0.0,0.0,0
Ansu Fati,1272,4,0,7.0,7.0,7.0,40.0,904.0,1.0,42.0,1.0,1.0,354.0,122.0,22.0,5,8.0,40.0,1312.0,40.0,0.0,10
Ante Budimir,1652,5,0,6.0,6.0,1.0,30.0,340.0,0.0,20.0,0.0,0.0,158.0,92.0,7.0,4,0.0,30.0,414.0,30.0,1.0,11
Anthony Elanga,426,0,0,0.7000000000000001,0.7000000000000001,1.0,15.0,298.0,0.0,8.0,0.0,0.0,86.0,32.0,3.0,2,0.0,15.0,276.0,15.0,0.0,3
Anthony Gordon,1511,3,0,4.5,4.5,1.0,64.0,1134.0,2.0,34.0,3.0,4.0,243.0,140.0,37.0,6,21.0,64.0,1198.0,64.0,0.0,4
Anthony Lozano,1323,1,0,1.7000000000000002,1.7000000000000002,5.0,42.0,508.0,1.0,26.0,0.0,0.0,142.0,76.0,12.0,3,0.0,42.0,617.0,42.0,1.0,8
Anthony Martial,885,5,1,5.4,4.6,5.0,21.0,776.0,0.0,30.0,3.0,0.0,187.0,67.0,11.0,1,0.0,21.0,519.0,21.0,1.0,6
Antoine Griezmann,2589,13,0,10.2,10.2,23.0,79.0,4966.0,13.0,152.0,16.0,40.0,700.0,441.0,195.0,22,12.0,79.0,2764.0,79.0,0.0,10
Antoine Semenyo,258,1,0,0.30000000000000004,0.30000000000000004,0.0,6.0,153.0,0.0,5.0,0.0,0.0,33.0,13.0,4.0,2,0.0,6.0,239.0,6.0,0.0,1
Antonee Robinson,2998,0,0,0.0,0.0,6.0,72.0,9354.0,24.0,125.0,0.0,0.0,711.0,767.0,287.0,52,41.0,72.0,4041.0,72.0,0.0,3
Antony,1774,4,0,6.6000000000000005,6.6000000000000005,7.0,74.0,1897.0,2.0,73.0,3.0,0.0,490.0,194.0,51.0,11,9.0,74.0,2488.0,74.0,0.0,2
Anuar,210,1,0,0.39999999999999997,0.39999999999999997,1.0,4.0,114.0,0.0,3.0,0.0,0.0,23.0,10.0,0.0,3,0.0,4.0,127.0,4.0,0.0,1
Aritz Elustondo,1382,0,0,0.6000000000000001,0.6000000000000001,2.0,8.0,3881.0,2.0,51.0,0.0,0.0,312.0,343.0,76.0,18,15.0,8.0,1144.0,8.0,0.0,1
Armando Broja,294,1,0,0.8,0.8,2.0,15.0,54.0,0.0,4.0,0.0,0.0,33.0,15.0,3.0,1,0.0,15.0,199.0,15.0,1.0,3
Arnau Puigmal,696,1,0,1.0,1.0,1.0,29.0,898.0,3.0,16.0,4.0,0.0,135.0,92.0,22.0,11,10.0,29.0,683.0,29.0,0.0,1
Arnaut Danjuma,648,3,1,3.5,2.7,0.0,14.0,277.0,4.0,4.0,0.0,0.0,96.0,36.0,5.0,0,2.0,14.0,389.0,14.0,0.0,4
Ashley Young,2036,1,0,0.30000000000000004,0.30000000000000004,2.0,22.0,6166.0,5.0,107.0,2.0,2.0,468.0,490.0,177.0,21,34.0,22.0,1554.0,22.0,0.0,1
Asier Illarramendi,946,1,0,0.7000000000000001,0.7000000000000001,2.0,5.0,1793.0,1.0,43.0,0.0,0.0,291.0,192.0,40.0,16,10.0,5.0,742.0,5.0,0.0,0
Augusto Solari,262,0,0,0.30000000000000004,0.30000000000000004,2.0,5.0,362.0,0.0,12.0,0.0,0.0,60.0,40.0,13.0,4,6.0,5.0,155.0,5.0,0.0,0
Axel Witsel,2009,0,0,0.6000000000000001,0.6000000000000001,3.0,6.0,6224.0,0.0,80.0,0.0,0.0,533.0,555.0,76.0,23,19.0,6.0,1841.0,6.0,0.0,0
Aymeric Laporte,826,0,0,0.4,0.4,0.0,2.0,3601.0,0.0,79.0,1.0,0.0,396.0,339.0,61.0,2,4.0,2.0,2318.0,2.0,0.0,1
Ben Chilwell,1408,2,0,1.4000000000000001,1.4000000000000001,4.0,23.0,3238.0,7.0,41.0,2.0,25.0,507.0,284.0,123.0,18,12.0,23.0,1852.0,23.0,1.0,3
Ben Davies,2198,2,0,1.0,1.0,6.0,14.0,5672.0,5.0,104.0,1.0,0.0,540.0,498.0,132.0,18,10.0,14.0,2677.0,14.0,0.0,1
Ben Godfrey,802,0,0,1.2,1.2,2.0,8.0,1252.0,1.0,19.0,0.0,0.0,111.0,111.0,41.0,8,13.0,8.0,426.0,8.0,0.0,1
Ben Johnson,865,0,0,0.0,0.0,0.0,17.0,2496.0,5.0,37.0,0.0,0.0,202.0,217.0,85.0,9,12.0,17.0,650.0,17.0,0.0,1
Ben Mee,3179,3,0,3.0,3.0,1.0,13.0,10505.0,1.0,84.0,0.0,0.0,599.0,770.0,310.0,47,28.0,13.0,2566.0,13.0,0.0,1
Ben White,2965,2,0,1.3,1.3,13.0,29.0,10442.0,12.0,247.0,5.0,0.0,956.0,947.0,205.0,22,23.0,29.0,3487.0,29.0,0.0,1
Bernardo Espinosa,1027,1,0,1.1,1.1,2.0,4.0,4549.0,0.0,25.0,0.0,0.0,239.0,373.0,75.0,8,1.0,4.0,1512.0,4.0,0.0,0
Bernardo Silva,2122,4,0,2.1,2.1,12.0,64.0,3401.0,9.0,126.0,3.0,0.0,726.0,508.0,146.0,15,11.0,64.0,3438.0,64.0,1.0,2
Beñat Turrientes,106,0,0,0.0,0.0,0.0,3.0,113.0,0.0,2.0,0.0,2.0,23.0,14.0,9.0,0,3.0,3.0,51.0,3.0,0.0,0
Billy Gilmour,454,0,0,0.4,0.4,3.0,4.0,1305.0,0.0,34.0,2.0,0.0,180.0,139.0,36.0,4,2.0,4.0,547.0,4.0,0.0,0
Borja Iglesias,2168,13,6,13.4,8.6,5.0,31.0,599.0,0.0,28.0,5.0,0.0,288.0,89.0,18.0,1,3.0,31.0,659.0,31.0,0.0,19
Borja Mayoral,2756,8,2,7.6000000000000005,6.0,3.0,70.0,1623.0,4.0,64.0,2.0,0.0,397.0,211.0,71.0,3,7.0,70.0,1531.0,70.0,1.0,10
Boubacar Kamara,1687,0,0,0.1,0.1,4.0,32.0,3709.0,0.0,81.0,2.0,0.0,428.0,320.0,93.0,18,24.0,32.0,1120.0,32.0,0.0,0
Brenden Aaronson,2311,1,0,4.1000000000000005,4.1000000000000005,7.0,100.0,2137.0,4.0,84.0,8.0,16.0,409.0,189.0,61.0,5,15.0,100.0,1502.0,100.0,0.0,6
Brennan Johnson,2844,8,3,8.8,6.5,11.0,86.0,808.0,6.0,30.0,0.0,1.0,217.0,173.0,34.0,5,17.0,86.0,2050.0,86.0,1.0,17
Brian Ocampo,1119,1,0,0.4,0.4,5.0,45.0,1051.0,6.0,22.0,0.0,11.0,207.0,86.0,41.0,3,12.0,45.0,1302.0,45.0,0.0,2
Bruno Fernandes,3148,6,1,7.7,6.9,17.0,62.0,8483.0,9.0,251.0,34.0,19.0,857.0,600.0,311.0,24,23.0,62.0,3122.0,62.0,0.0,15
Bryan Mbeumo,2818,9,1,9.3,8.5,14.0,85.0,3090.0,13.0,87.0,7.0,36.0,443.0,280.0,144.0,10,5.0,85.0,1862.0,85.0,0.0,5
Bukayo Saka,3122,13,3,11.3,9.2,26.0,157.0,3643.0,12.0,107.0,2.0,74.0,740.0,372.0,162.0,14,22.0,157.0,4404.0,157.0,0.0,9
Callum Wilson,1788,18,3,16.8,14.4,10.0,36.0,338.0,0.0,19.0,2.0,0.0,142.0,43.0,10.0,1,0.0,36.0,638.0,36.0,0.0,14
Calum Chambers,353,0,0,0.1,0.1,0.0,0.0,1310.0,1.0,16.0,0.0,0.0,76.0,94.0,31.0,7,7.0,0.0,540.0,0.0,0.0,0
Carlos Alcaraz,869,4,0,1.5,1.5,3.0,20.0,558.0,0.0,22.0,1.0,0.0,120.0,76.0,17.0,1,1.0,20.0,550.0,20.0,0.0,2
Carlos Clerc,2459,0,0,0.5,0.5,4.0,55.0,5994.0,8.0,94.0,1.0,0.0,594.0,462.0,162.0,25,53.0,55.0,2042.0,55.0,0.0,2
Carney Chukwuemeka,232,0,0,0.4,0.4,0.0,9.0,297.0,2.0,12.0,0.0,0.0,82.0,19.0,5.0,4,6.0,9.0,454.0,9.0,0.0,1
Casemiro,1976,3,0,3.3000000000000003,3.3000000000000003,6.0,18.0,6694.0,4.0,142.0,10.0,0.0,577.0,504.0,196.0,34,41.0,18.0,1329.0,18.0,0.0,1
Chris Mepham,2199,0,0,0.4,0.4,0.0,7.0,5694.0,0.0,42.0,0.0,0.0,346.0,525.0,142.0,30,37.0,7.0,1628.0,7.0,0.0,0
Chris Ramos,710,1,0,3.1,3.1,0.0,22.0,206.0,1.0,6.0,0.0,0.0,92.0,28.0,4.0,1,2.0,22.0,191.0,22.0,1.0,0
Chris Richards,447,0,0,0.7,0.7,0.0,0.0,991.0,0.0,14.0,0.0,0.0,79.0,96.0,27.0,8,8.0,0.0,269.0,0.0,0.0,1
Chris Wood,818,3,1,2.8000000000000003,2.1,0.0,4.0,288.0,0.0,11.0,1.0,0.0,110.0,47.0,7.0,2,0.0,4.0,132.0,4.0,0.0,6
Christian Eriksen,1954,1,0,4.1,4.1,8.0,17.0,5947.0,5.0,160.0,9.0,27.0,680.0,491.0,194.0,11,9.0,17.0,1701.0,17.0,0.0,3
Christian Pulisic,785,1,0,1.4,1.4,3.0,44.0,536.0,1.0,22.0,1.0,0.0,171.0,79.0,17.0,4,3.0,44.0,1030.0,44.0,0.0,0
Cody Gakpo,1424,6,0,5.2,5.2,6.0,47.0,1053.0,1.0,47.0,3.0,3.0,200.0,114.0,19.0,4,4.0,47.0,1113.0,47.0,1.0,8
Cole Palmer,150,0,0,0.0,0.0,0.0,11.0,166.0,1.0,8.0,0.0,0.0,41.0,34.0,8.0,1,0.0,11.0,222.0,11.0,0.0,1
Conor Coady,2006,1,0,0.9,0.9,1.0,3.0,8187.0,1.0,41.0,1.0,0.0,296.0,603.0,261.0,14,8.0,3.0,2398.0,3.0,0.0,2
Conor Gallagher,1403,3,0,1.3,1.3,3.0,51.0,2209.0,5.0,93.0,1.0,9.0,394.0,261.0,55.0,19,16.0,51.0,1226.0,51.0,0.0,2
Craig Dawson,2134,1,0,1.6,1.6,1.0,5.0,7709.0,0.0,62.0,0.0,0.0,343.0,592.0,272.0,18,14.0,5.0,1923.0,5.0,1.0,0
Cristhian Mosquera,145,0,0,0.2,0.2,0.0,0.0,314.0,0.0,1.0,0.0,0.0,33.0,23.0,9.0,1,3.0,0.0,61.0,0.0,0.0,0
Cristhian Stuani,973,8,5,8.700000000000001,4.7,1.0,4.0,126.0,0.0,9.0,0.0,0.0,89.0,40.0,7.0,2,2.0,4.0,143.0,4.0,0.0,7
Cristian Romero,2364,0,0,1.4000000000000001,1.4000000000000001,4.0,22.0,9085.0,0.0,92.0,4.0,0.0,618.0,746.0,176.0,44,42.0,22.0,2993.0,22.0,1.0,0
Crysencio Summerville,1397,4,0,2.6,2.6,5.0,56.0,1066.0,2.0,45.0,1.0,0.0,253.0,90.0,24.0,12,14.0,56.0,1284.0,56.0,1.0,8
Curtis Jones,979,3,0,1.2000000000000002,1.2000000000000002,4.0,28.0,1825.0,1.0,64.0,5.0,0.0,335.0,235.0,31.0,3,8.0,28.0,968.0,28.0,0.0,2
Cyle Larin,1199,7,1,6.0,5.3,5.0,24.0,269.0,1.0,11.0,1.0,0.0,114.0,44.0,11.0,0,2.0,24.0,506.0,24.0,0.0,21
Dan Burn,3005,1,0,2.2,2.2,3.0,25.0,8509.0,2.0,109.0,0.0,0.0,715.0,655.0,178.0,31,29.0,25.0,1989.0,25.0,0.0,7
Dango Ouattara,1151,1,0,3.4,3.4,5.0,70.0,1013.0,8.0,21.0,5.0,0.0,148.0,97.0,36.0,13,20.0,70.0,1027.0,70.0,0.0,8
Dani Ceballos,1389,0,0,0.7000000000000001,0.7000000000000001,8.0,54.0,5929.0,1.0,184.0,5.0,2.0,679.0,434.0,132.0,23,10.0,54.0,2980.0,54.0,0.0,1
Daniel Amartey,1610,0,0,1.0,1.0,1.0,5.0,6591.0,0.0,66.0,2.0,0.0,473.0,526.0,91.0,8,13.0,5.0,2275.0,5.0,0.0,0
Daniel James,808,2,0,1.9000000000000001,1.9000000000000001,0.0,19.0,369.0,3.0,18.0,0.0,0.0,118.0,53.0,15.0,3,5.0,19.0,710.0,19.0,1.0,2
Daniel Podence,1771,6,0,3.8000000000000003,3.8000000000000003,3.0,61.0,2311.0,7.0,95.0,9.0,9.0,301.0,209.0,90.0,7,13.0,61.0,1229.0,61.0,0.0,4
Danilo,976,3,0,1.4000000000000001,1.4000000000000001,6.0,19.0,979.0,0.0,34.0,2.0,0.0,97.0,73.0,34.0,9,7.0,19.0,439.0,19.0,0.0,2
Danny Ings,1481,8,2,7.7,6.1,2.0,30.0,490.0,0.0,20.0,6.0,0.0,161.0,51.0,23.0,4,1.0,30.0,481.0,30.0,0.0,14
Danny Welbeck,1754,6,0,9.0,9.0,9.0,44.0,809.0,0.0,46.0,6.0,0.0,253.0,102.0,11.0,4,0.0,44.0,788.0,44.0,1.0,4
Darko Brasanac,1041,1,0,1.0,1.0,1.0,10.0,1215.0,2.0,49.0,0.0,0.0,179.0,143.0,19.0,12,12.0,10.0,668.0,10.0,0.0,3
David Alaba,1658,1,0,0.8,0.8,4.0,4.0,4809.0,4.0,63.0,4.0,3.0,563.0,336.0,89.0,14,7.0,4.0,1801.0,4.0,0.0,0
David Brooks,118,0,0,0.2,0.2,0.0,2.0,51.0,0.0,4.0,0.0,0.0,18.0,9.0,4.0,1,1.0,2.0,20.0,2.0,0.0,0
David Silva,1918,2,0,3.8,3.8,14.0,46.0,3263.0,2.0,162.0,9.0,1.0,560.0,410.0,93.0,15,10.0,46.0,2314.0,46.0,0.0,3
Declan Rice,3093,3,1,1.9000000000000001,1.1,6.0,60.0,8723.0,3.0,220.0,4.0,15.0,881.0,717.0,308.0,62,44.0,60.0,4454.0,60.0,0.0,1
Dejan Kulusevski,2001,2,0,2.3000000000000003,2.3000000000000003,11.0,107.0,1965.0,11.0,64.0,4.0,5.0,395.0,223.0,50.0,13,23.0,107.0,2422.0,107.0,0.0,3
Demarai Gray,2421,4,2,5.6000000000000005,4.0,5.0,88.0,2145.0,7.0,45.0,2.0,49.0,320.0,249.0,174.0,12,9.0,88.0,2425.0,88.0,0.0,13
Denis Zakaria,411,0,0,0.2,0.2,0.0,8.0,571.0,0.0,6.0,1.0,0.0,98.0,56.0,6.0,3,5.0,8.0,291.0,8.0,0.0,0
Deniz Undav,507,4,0,3.8,3.8,3.0,4.0,243.0,0.0,7.0,1.0,0.0,82.0,30.0,6.0,0,2.0,4.0,278.0,4.0,0.0,6
Dennis Hadzikadunic,539,0,0,0.30000000000000004,0.30000000000000004,0.0,0.0,890.0,0.0,13.0,0.0,0.0,51.0,68.0,37.0,3,4.0,0.0,209.0,0.0,0.0,0
Dennis Praet,649,1,0,1.1,1.1,0.0,14.0,680.0,1.0,17.0,2.0,0.0,138.0,77.0,27.0,5,5.0,14.0,357.0,14.0,0.0,1
Diego Carlos,205,0,0,0.3,0.3,0.0,0.0,881.0,0.0,11.0,0.0,0.0,41.0,71.0,28.0,1,0.0,0.0,193.0,0.0,0.0,0
Diego Costa,1241,1,0,3.4,3.4,1.0,10.0,312.0,0.0,13.0,1.0,0.0,118.0,56.0,5.0,2,3.0,10.0,342.0,10.0,0.0,16
Diego Moreno,635,0,0,0.3,0.3,0.0,10.0,1288.0,1.0,13.0,0.0,0.0,102.0,132.0,63.0,5,2.0,10.0,372.0,10.0,0.0,1
Diego Rico,1556,0,0,0.2,0.2,1.0,27.0,5340.0,10.0,59.0,0.0,0.0,408.0,371.0,116.0,19,16.0,27.0,1219.0,27.0,0.0,1
Dimitri Foulquier,1668,0,0,0.2,0.2,2.0,41.0,4312.0,13.0,67.0,0.0,0.0,360.0,341.0,111.0,14,16.0,41.0,1918.0,41.0,0.0,1
Diogo Dalot,2064,1,0,2.3,2.3,2.0,35.0,6207.0,13.0,92.0,3.0,0.0,503.0,624.0,202.0,35,39.0,35.0,2137.0,35.0,0.0,0
Diogo Jota,1041,5,0,5.5,5.5,5.0,38.0,877.0,2.0,30.0,3.0,0.0,204.0,101.0,19.0,3,8.0,38.0,1060.0,38.0,1.0,3
Domingos Duarte,2644,0,0,1.4000000000000001,1.4000000000000001,3.0,6.0,6506.0,0.0,63.0,0.0,0.0,281.0,441.0,225.0,39,21.0,6.0,1231.0,6.0,0.0,2
Dominic Calvert-Lewin,1165,2,1,5.8,5.0,4.0,28.0,318.0,0.0,15.0,0.0,0.0,125.0,54.0,8.0,3,1.0,28.0,405.0,28.0,1.0,19
Dominic Solanke,2770,6,0,9.2,9.2,13.0,109.0,1061.0,1.0,45.0,3.0,0.0,278.0,134.0,24.0,6,8.0,109.0,1685.0,109.0,0.0,10
Donny van de Beek,167,0,0,0.1,0.1,0.0,3.0,115.0,0.0,6.0,0.0,0.0,34.0,8.0,2.0,1,0.0,3.0,85.0,3.0,0.0,1
Douglas Luiz,2837,5,0,2.6,2.6,11.0,42.0,6331.0,4.0,142.0,6.0,51.0,667.0,751.0,270.0,39,30.0,42.0,2784.0,42.0,0.0,2
Duje Caleta-Car,946,1,0,0.8,0.8,0.0,2.0,3504.0,0.0,33.0,0.0,0.0,173.0,289.0,93.0,15,9.0,2.0,993.0,2.0,0.0,0
Dwight McNeil,2408,7,0,3.6,3.6,11.0,107.0,3443.0,12.0,65.0,3.0,50.0,377.0,257.0,199.0,31,35.0,107.0,2035.0,107.0,1.0,1
Dyego Sousa,400,0,0,0.7000000000000001,0.7000000000000001,1.0,10.0,236.0,0.0,10.0,1.0,0.0,60.0,36.0,4.0,1,3.0,10.0,157.0,10.0,0.0,3
Eberechi Eze,2546,10,1,6.4,5.6000000000000005,15.0,115.0,3785.0,2.0,125.0,9.0,21.0,587.0,332.0,145.0,13,17.0,115.0,2301.0,115.0,1.0,4
Eddie Nketiah,1078,4,0,7.5,7.5,3.0,34.0,349.0,0.0,15.0,0.0,0.0,148.0,68.0,12.0,1,6.0,34.0,599.0,34.0,1.0,8
Eden Hazard,196,0,1,1.0,0.2,1.0,6.0,231.0,0.0,8.0,0.0,0.0,68.0,22.0,4.0,1,0.0,6.0,268.0,6.0,0.0,0
Edinson Cavani,1425,5,3,5.8,3.4,4.0,10.0,524.0,0.0,19.0,4.0,0.0,201.0,94.0,26.0,2,3.0,10.0,315.0,10.0,0.0,15
Eduardo Camavinga,1826,0,0,0.7000000000000001,0.7000000000000001,5.0,63.0,5128.0,1.0,150.0,4.0,0.0,675.0,497.0,103.0,16,30.0,63.0,3314.0,63.0,0.0,3
Elliot Anderson,259,0,0,1.0,1.0,0.0,23.0,385.0,0.0,15.0,1.0,0.0,63.0,37.0,7.0,5,5.0,23.0,392.0,23.0,0.0,1
Ellis Simms,224,1,0,0.9,0.9,2.0,2.0,105.0,0.0,4.0,1.0,0.0,30.0,17.0,3.0,0,0.0,2.0,55.0,2.0,0.0,1
Emerson,1645,2,0,1.6,1.6,2.0,28.0,3639.0,3.0,77.0,2.0,0.0,455.0,362.0,90.0,16,35.0,28.0,1973.0,28.0,0.0,0
Emil Krafth,1,0,0,0.0,0.0,0.0,0.0,0.0,0.0,0.0,0.0,0.0,0.0,0.0,0.0,0,0.0,0.0,0.0,0.0,0.0,0
Emile Smith Rowe,156,0,0,0.2,0.2,1.0,5.0,231.0,0.0,6.0,0.0,2.0,45.0,28.0,5.0,0,1.0,5.0,114.0,5.0,0.0,1
Emmanuel Dennis,701,2,0,1.8,1.8,3.0,52.0,372.0,2.0,16.0,0.0,0.0,90.0,55.0,11.0,2,5.0,52.0,802.0,52.0,0.0,4
Enzo Roco,1520,0,0,0.6000000000000001,0.6000000000000001,0.0,5.0,4287.0,0.0,34.0,1.0,0.0,197.0,306.0,103.0,15,21.0,5.0,998.0,5.0,0.0,0
Eric Dier,2818,2,0,1.6,1.6,2.0,6.0,12717.0,3.0,87.0,2.0,0.0,688.0,934.0,317.0,35,16.0,6.0,2851.0,6.0,0.0,1
Erik Lamela,1627,4,0,4.2,4.2,5.0,66.0,1331.0,1.0,60.0,1.0,4.0,370.0,197.0,34.0,6,12.0,66.0,1637.0,66.0,0.0,7
Erling Haaland,2662,36,7,27.3,21.9,16.0,30.0,927.0,0.0,57.0,4.0,0.0,261.0,130.0,9.0,3,0.0,30.0,703.0,30.0,1.0,8
Esteban Saveljich,1,0,0,0.0,0.0,0.0,0.0,0.0,0.0,0.0,0.0,0.0,0.0,0.0,0.0,0,0.0,0.0,0.0,0.0,0.0,0
Ethan Pinnock,2610,2,0,2.5,2.5,5.0,6.0,5460.0,2.0,49.0,0.0,0.0,379.0,539.0,154.0,35,32.0,6.0,1420.0,6.0,0.0,0
Evan Ferguson,757,4,0,4.2,4.2,2.0,13.0,278.0,0.0,11.0,1.0,0.0,131.0,45.0,7.0,2,1.0,13.0,260.0,13.0,0.0,4
Ezequiel Ponce,1097,4,0,2.9,2.9,4.0,15.0,430.0,0.0,19.0,1.0,0.0,175.0,49.0,18.0,1,0.0,15.0,305.0,15.0,1.0,7
Ezri Konsa,3232,0,0,1.1,1.1,2.0,15.0,10254.0,2.0,56.0,1.0,0.0,650.0,979.0,195.0,24,24.0,15.0,3552.0,15.0,0.0,0
Fabinho,2615,0,0,0.8,0.8,7.0,14.0,5974.0,0.0,153.0,5.0,0.0,860.0,658.0,179.0,36,18.0,14.0,1786.0,14.0,0.0,0
Fabrizio Angileri,579,0,0,0.2,0.2,2.0,10.0,936.0,0.0,16.0,0.0,0.0,87.0,109.0,42.0,6,7.0,10.0,220.0,10.0,0.0,0
Facundo Buonanotte,356,1,0,0.8999999999999999,0.8999999999999999,1.0,9.0,282.0,1.0,5.0,0.0,2.0,84.0,30.0,12.0,3,0.0,9.0,237.0,9.0,0.0,2
Facundo Pellistri,57,0,0,0.0,0.0,1.0,1.0,6.0,0.0,0.0,0.0,0.0,7.0,5.0,0.0,0,0.0,1.0,10.0,1.0,0.0,0
Fali,1682,0,0,0.6000000000000001,0.6000000000000001,1.0,5.0,4267.0,0.0,55.0,2.0,0.0,131.0,280.0,164.0,13,19.0,5.0,1337.0,5.0,0.0,1
Fede San Emeterio,1691,0,0,0.2,0.2,1.0,5.0,2185.0,1.0,42.0,1.0,0.0,299.0,219.0,68.0,14,22.0,5.0,579.0,5.0,0.0,0
Federico Valverde,2387,7,0,4.2,4.2,13.0,42.0,4087.0,6.0,145.0,2.0,0.0,875.0,466.0,131.0,17,14.0,42.0,3280.0,42.0,0.0,5
Felipe,1612,0,0,1.1,1.1,1.0,20.0,4097.0,0.0,42.0,0.0,0.0,232.0,312.0,124.0,36,30.0,20.0,1514.0,20.0,0.0,4
Ferland Mendy,1286,0,0,0.3,0.3,2.0,29.0,2637.0,0.0,56.0,0.0,0.0,504.0,239.0,37.0,14,13.0,29.0,1370.0,29.0,0.0,0
Fernando,17721,0,0,0.1,0.1,1.0,36.0,79919.0,0.0,470.0,0.0,0.0,3100.0,4029.0,2652.0,143,88.0,20.0,15000.0,20.0,0.0,0
Fernando Calero,1520,0,0,0.7000000000000001,0.7000000000000001,3.0,3.0,4166.0,0.0,58.0,0.0,0.0,247.0,308.0,137.0,12,26.0,3.0,813.0,3.0,0.0,1
Ferran Torres,1295,4,1,5.0,4.2,3.0,67.0,1429.0,11.0,41.0,1.0,10.0,265.0,179.0,62.0,3,4.0,67.0,1176.0,67.0,0.0,8
Fidel,1483,3,1,2.1,1.3,4.0,65.0,2803.0,1.0,113.0,5.0,14.0,353.0,183.0,113.0,3,7.0,65.0,1746.0,65.0,0.0,8
Florian Lejeune,2475,4,0,2.6,2.6,1.0,6.0,9995.0,1.0,76.0,1.0,4.0,272.0,684.0,391.0,15,17.0,6.0,2465.0,6.0,0.0,5
Flynn Downes,677,0,0,0.4,0.4,0.0,1.0,669.0,0.0,16.0,0.0,0.0,160.0,70.0,11.0,6,4.0,1.0,281.0,1.0,0.0,0
Francis Coquelin,748,1,0,1.2000000000000002,1.2000000000000002,0.0,6.0,803.0,1.0,29.0,1.0,0.0,167.0,88.0,20.0,9,7.0,6.0,399.0,6.0,0.0,0
Francisco Portillo,626,2,0,0.6,0.6,2.0,15.0,1755.0,3.0,70.0,5.0,1.0,222.0,130.0,40.0,7,4.0,15.0,800.0,15.0,0.0,2
Franco Cervi,1854,0,0,2.2,2.2,5.0,51.0,2945.0,9.0,68.0,1.0,9.0,401.0,269.0,108.0,34,28.0,51.0,1494.0,51.0,0.0,2
Frank Onyeka,768,0,0,1.0,1.0,7.0,20.0,678.0,0.0,26.0,0.0,0.0,114.0,85.0,16.0,8,10.0,20.0,331.0,20.0,0.0,2
Fred,1163,2,0,1.8,1.8,3.0,27.0,2489.0,2.0,70.0,6.0,0.0,355.0,219.0,71.0,17,22.0,27.0,958.0,27.0,0.0,1
Frenkie de Jong,2264,2,0,2.6,2.6,9.0,58.0,9032.0,6.0,229.0,16.0,2.0,1019.0,735.0,156.0,34,13.0,58.0,5558.0,58.0,0.0,1
Gabriel Jesus,1974,10,1,13.7,12.9,11.0,106.0,1556.0,1.0,61.0,4.0,0.0,330.0,218.0,43.0,10,16.0,106.0,1437.0,106.0,2.0,16
Gabriel Paulista,1234,1,0,0.5,0.5,0.0,0.0,4305.0,0.0,53.0,0.0,0.0,209.0,302.0,107.0,29,12.0,0.0,1482.0,0.0,0.0,0
Gavi,2321,1,0,2.6,2.6,6.0,61.0,2720.0,4.0,128.0,8.0,0.0,641.0,310.0,78.0,18,7.0,61.0,2254.0,61.0,0.0,9
Geoffrey Kondogbia,1003,0,0,0.6000000000000001,0.6000000000000001,2.0,10.0,2631.0,0.0,41.0,0.0,0.0,333.0,203.0,58.0,26,19.0,10.0,637.0,10.0,0.0,2
Georginio Rutter,242,0,0,0.2,0.2,0.0,24.0,86.0,0.0,5.0,1.0,0.0,25.0,14.0,2.0,3,5.0,24.0,124.0,24.0,0.0,1
Gerard Gumbau,2467,1,0,1.8,1.8,6.0,19.0,6105.0,9.0,123.0,3.0,38.0,468.0,406.0,297.0,27,17.0,19.0,1530.0,19.0,0.0,2
Gerard Moreno,1132,7,2,8.0,6.4,4.0,48.0,1291.0,1.0,58.0,3.0,0.0,186.0,148.0,41.0,4,0.0,48.0,692.0,48.0,0.0,12
Gianluca Scamacca,926,3,0,2.5,2.5,1.0,14.0,378.0,1.0,17.0,0.0,0.0,85.0,52.0,21.0,4,1.0,14.0,282.0,14.0,0.0,6
Giovani Lo Celso,1003,1,0,1.9,1.9,3.0,40.0,2397.0,1.0,89.0,11.0,13.0,279.0,183.0,72.0,6,6.0,40.0,1351.0,40.0,0.0,4
Giulian Biancone,17,0,0,0.0,0.0,0.0,0.0,126.0,0.0,0.0,0.0,0.0,7.0,10.0,3.0,1,2.0,0.0,61.0,0.0,0.0,0
Gonzalo Escalante,870,3,0,2.0,2.0,1.0,6.0,1182.0,2.0,42.0,1.0,0.0,163.0,121.0,44.0,15,13.0,6.0,390.0,6.0,0.0,0
Gonzalo Melero,1715,4,1,2.4,1.6,6.0,34.0,2502.0,0.0,93.0,0.0,0.0,345.0,261.0,60.0,6,8.0,34.0,1273.0,34.0,0.0,3
Gonzalo Montiel,1406,0,0,0.7999999999999999,0.7999999999999999,5.0,21.0,3658.0,7.0,52.0,3.0,0.0,378.0,300.0,77.0,17,9.0,21.0,1498.0,21.0,0.0,11
Gonzalo Plata,2032,0,0,2.8000000000000003,2.8000000000000003,10.0,146.0,1484.0,2.0,46.0,3.0,15.0,411.0,176.0,37.0,11,28.0,146.0,2134.0,146.0,2.0,3
Gonzalo Villar,443,0,0,0.1,0.1,0.0,20.0,915.0,1.0,27.0,0.0,2.0,107.0,107.0,21.0,6,1.0,20.0,605.0,20.0,0.0,0
Gorka Guruzeta,1239,6,0,5.4,5.4,2.0,17.0,545.0,1.0,28.0,0.0,0.0,161.0,90.0,24.0,4,6.0,17.0,330.0,17.0,0.0,15
Granit Xhaka,2919,5,0,3.7,3.7,17.0,28.0,5878.0,4.0,194.0,6.0,0.0,750.0,625.0,138.0,15,11.0,28.0,2143.0,28.0,0.0,4
Gustavo Scarpa,181,0,0,0.30000000000000004,0.30000000000000004,0.0,4.0,454.0,0.0,12.0,1.0,0.0,19.0,31.0,18.0,0,3.0,4.0,313.0,4.0,0.0,0
Hakim Ziyech,652,0,0,0.6000000000000001,0.6000000000000001,2.0,32.0,1521.0,7.0,41.0,4.0,12.0,167.0,131.0,64.0,5,12.0,32.0,628.0,32.0,0.0,3
Haris Seferovic,796,3,0,1.6,1.6,2.0,14.0,305.0,0.0,14.0,3.0,0.0,96.0,57.0,17.0,1,1.0,14.0,259.0,14.0,0.0,10
Harrison Reed,2841,3,0,1.8,1.8,7.0,28.0,3627.0,11.0,101.0,0.0,2.0,599.0,411.0,132.0,19,17.0,28.0,1127.0,28.0,0.0,4
Harry Kane,3315,28,6,20.6,15.8,17.0,100.0,4177.0,6.0,174.0,19.0,0.0,356.0,284.0,157.0,2,1.0,100.0,1765.0,100.0,2.0,15
Harry Maguire,677,0,0,0.30000000000000004,0.30000000000000004,1.0,3.0,2723.0,0.0,25.0,0.0,0.0,148.0,270.0,88.0,10,6.0,3.0,1353.0,3.0,0.0,0
Harry Souttar,902,0,0,1.4,1.4,2.0,4.0,3195.0,0.0,28.0,1.0,0.0,159.0,293.0,71.0,11,9.0,4.0,920.0,4.0,0.0,1
Harry Toffolo,895,0,0,0.1,0.1,0.0,8.0,1816.0,4.0,28.0,0.0,2.0,161.0,143.0,46.0,9,10.0,8.0,329.0,8.0,0.0,0
Harry Wilson,1035,2,0,1.9,1.9,9.0,32.0,1026.0,1.0,36.0,1.0,2.0,186.0,120.0,42.0,6,7.0,32.0,735.0,32.0,2.0,2
Harvey Barnes,2593,12,0,8.5,8.5,12.0,88.0,1897.0,4.0,76.0,5.0,0.0,434.0,203.0,36.0,8,8.0,88.0,2640.0,88.0,0.0,8
Harvey Elliott,1579,1,0,1.8,1.8,9.0,42.0,3057.0,6.0,132.0,8.0,0.0,485.0,349.0,80.0,14,6.0,42.0,1861.0,42.0,0.0,2
Helibelton Palacios,1915,0,0,0.4,0.4,0.0,28.0,5114.0,4.0,51.0,0.0,0.0,344.0,320.0,126.0,20,21.0,28.0,1514.0,28.0,0.0,0
Houboulang Mendes,886,0,0,0.0,0.0,1.0,21.0,1451.0,3.0,18.0,0.0,0.0,152.0,117.0,47.0,7,16.0,21.0,704.0,21.0,0.0,0
Hugo Bueno,1265,0,0,0.2,0.2,1.0,32.0,2167.0,6.0,38.0,0.0,2.0,365.0,201.0,51.0,10,23.0,32.0,1391.0,32.0,0.0,1
Hugo Duro,1281,1,1,3.6,2.8000000000000003,2.0,13.0,317.0,0.0,18.0,0.0,0.0,163.0,61.0,10.0,2,2.0,13.0,345.0,13.0,0.0,3
Hugo Mallo,2012,0,0,1.4000000000000001,1.4000000000000001,6.0,17.0,6943.0,11.0,89.0,1.0,0.0,555.0,569.0,161.0,24,33.0,17.0,1753.0,17.0,0.0,6
Iago Aspas,2816,12,3,11.2,8.9,8.0,55.0,3268.0,2.0,155.0,15.0,6.0,618.0,343.0,126.0,7,0.0,55.0,2350.0,55.0,0.0,12
Ibrahima Diallo,819,0,0,0.2,0.2,0.0,13.0,1064.0,0.0,28.0,0.0,0.0,206.0,139.0,34.0,6,14.0,13.0,710.0,13.0,0.0,0
Iddrisu Baba,1556,0,0,0.4,0.4,1.0,15.0,2075.0,0.0,45.0,1.0,0.0,196.0,222.0,83.0,10,15.0,15.0,474.0,15.0,0.0,0
Igor Zubeldia,2362,1,0,0.9,0.9,2.0,7.0,8750.0,1.0,111.0,1.0,0.0,434.0,748.0,197.0,20,26.0,7.0,3398.0,7.0,0.0,1
Iker Muniain,1538,0,0,2.5,2.5,12.0,58.0,4124.0,3.0,144.0,5.0,11.0,506.0,333.0,129.0,3,5.0,58.0,1752.0,58.0,0.0,0
Ilaix Moriba,1011,0,0,1.2,1.2,3.0,30.0,1890.0,2.0,67.0,4.0,0.0,259.0,169.0,39.0,4,14.0,30.0,883.0,30.0,0.0,0
Issa Diop,1922,1,0,0.2,0.2,0.0,4.0,7515.0,0.0,67.0,0.0,0.0,404.0,726.0,185.0,35,17.0,4.0,4028.0,4.0,0.0,3
Ivan Perisic,2108,1,0,2.7,2.7,11.0,40.0,3575.0,24.0,61.0,0.0,57.0,443.0,389.0,210.0,22,25.0,40.0,2075.0,40.0,0.0,6
Ivan Rakitic,1706,1,2,3.0,1.4000000000000001,6.0,10.0,4564.0,5.0,144.0,2.0,8.0,547.0,400.0,196.0,24,9.0,10.0,1948.0,10.0,0.0,3
Ivan Toney,2951,20,7,18.5,12.9,8.0,54.0,2037.0,5.0,79.0,12.0,0.0,424.0,180.0,53.0,14,4.0,54.0,724.0,54.0,3.0,27
Iñaki Williams,2578,10,2,9.0,7.4,9.0,92.0,1472.0,7.0,56.0,2.0,0.0,368.0,232.0,50.0,5,5.0,92.0,2402.0,92.0,0.0,22
Iñigo Eguaras,922,1,0,1.1,1.1,2.0,4.0,2742.0,2.0,61.0,5.0,0.0,243.0,189.0,72.0,6,4.0,4.0,704.0,4.0,0.0,0
Iñigo Lekue,1311,0,0,0.2,0.2,3.0,22.0,3681.0,7.0,64.0,0.0,0.0,349.0,326.0,85.0,13,20.0,22.0,1605.0,22.0,0.0,1
Iñigo Ruiz de Galarreta,2373,0,0,0.2,0.2,5.0,38.0,4696.0,0.0,124.0,4.0,3.0,516.0,455.0,169.0,27,26.0,38.0,1278.0,38.0,0.0,0
Jack Colback,497,0,0,0.0,0.0,0.0,4.0,446.0,1.0,16.0,0.0,0.0,71.0,55.0,11.0,3,12.0,4.0,210.0,4.0,0.0,0
Jack Grealish,2055,5,0,4.7,4.7,20.0,110.0,2584.0,2.0,100.0,6.0,12.0,588.0,337.0,66.0,7,10.0,110.0,3982.0,110.0,1.0,3
Jack Harrison,2560,4,0,4.2,4.2,9.0,113.0,3752.0,16.0,92.0,4.0,29.0,513.0,297.0,148.0,22,5.0,113.0,2327.0,113.0,0.0,3
Jack Stacey,299,0,0,0.1,0.1,0.0,8.0,392.0,1.0,2.0,0.0,0.0,53.0,50.0,12.0,5,3.0,8.0,221.0,8.0,0.0,1
Jack Stephens,1219,0,0,0.39999999999999997,0.39999999999999997,1.0,3.0,3240.0,2.0,37.0,2.0,0.0,183.0,280.0,95.0,17,12.0,3.0,949.0,3.0,0.0,0
Jacob Murphy,1215,4,0,3.2,3.2,6.0,41.0,1232.0,4.0,57.0,6.0,1.0,212.0,129.0,40.0,7,3.0,41.0,1447.0,41.0,0.0,2
Jacob Ramsey,2546,6,0,3.8,3.8,9.0,73.0,2601.0,2.0,96.0,3.0,0.0,486.0,257.0,46.0,23,23.0,73.0,2487.0,73.0,0.0,2
Jadon Sancho,1506,5,0,3.5,3.5,8.0,66.0,1587.0,1.0,69.0,4.0,2.0,466.0,144.0,23.0,7,6.0,66.0,2004.0,66.0,0.0,8
Jaidon Anthony,1249,3,0,1.9000000000000001,1.9000000000000001,4.0,46.0,1603.0,7.0,49.0,2.0,9.0,253.0,147.0,61.0,10,14.0,46.0,1023.0,46.0,0.0,5
Jaime Mata,195,0,0,0.7,0.7,1.0,1.0,180.0,1.0,5.0,0.0,0.0,31.0,24.0,7.0,2,2.0,1.0,54.0,1.0,0.0,3
Jaime Seoane,326,0,0,0.1,0.1,0.0,5.0,456.0,0.0,7.0,1.0,0.0,50.0,34.0,17.0,1,3.0,5.0,208.0,5.0,0.0,0
Jairo Riedewald,63,0,0,0.1,0.1,0.0,0.0,137.0,0.0,1.0,0.0,0.0,24.0,17.0,2.0,0,2.0,0.0,69.0,0.0,0.0,0
Jakub Kiwior,348,0,0,0.0,0.0,0.0,0.0,762.0,0.0,6.0,0.0,0.0,63.0,96.0,14.0,6,4.0,0.0,155.0,0.0,0.0,0
Jamaal Lascelles,218,0,0,0.1,0.1,0.0,0.0,580.0,0.0,3.0,0.0,0.0,34.0,44.0,11.0,0,1.0,0.0,103.0,0.0,0.0,0
Jamal Lewis,8,0,0,0.0,0.0,0.0,0.0,71.0,0.0,1.0,0.0,0.0,2.0,8.0,0.0,0,0.0,0.0,10.0,0.0,0.0,0
James Bree,201,0,0,0.0,0.0,0.0,2.0,472.0,4.0,3.0,0.0,0.0,67.0,31.0,15.0,4,2.0,2.0,85.0,2.0,0.0,0
James Garner,714,0,0,0.7000000000000001,0.7000000000000001,2.0,11.0,1185.0,2.0,33.0,0.0,14.0,141.0,106.0,41.0,10,3.0,11.0,509.0,11.0,0.0,1
James Justin,1252,0,0,0.2,0.2,2.0,19.0,3063.0,7.0,47.0,0.0,0.0,408.0,282.0,81.0,15,7.0,19.0,834.0,19.0,1.0,2
James Maddison,2345,10,2,8.3,6.2,13.0,101.0,4096.0,3.0,145.0,12.0,37.0,449.0,377.0,178.0,13,23.0,101.0,2489.0,101.0,1.0,6
James McArthur,31,0,0,0.0,0.0,0.0,2.0,72.0,0.0,0.0,1.0,0.0,20.0,13.0,2.0,1,1.0,2.0,49.0,2.0,0.0,0
James Milner,823,0,0,0.30000000000000004,0.30000000000000004,3.0,20.0,3055.0,5.0,63.0,2.0,2.0,254.0,253.0,107.0,12,11.0,20.0,757.0,20.0,0.0,0
James Tarkowski,3330,1,0,2.7,2.7,2.0,10.0,9985.0,0.0,104.0,3.0,0.0,503.0,777.0,295.0,48,34.0,10.0,2281.0,10.0,0.0,2
James Tomkins,338,1,0,0.9,0.9,0.0,1.0,822.0,0.0,2.0,0.0,0.0,55.0,87.0,27.0,5,2.0,1.0,220.0,1.0,0.0,1
James Ward-Prowse,3195,8,4,5.5,2.2,8.0,19.0,8419.0,16.0,188.0,2.0,60.0,886.0,782.0,335.0,51,29.0,19.0,1958.0,19.0,0.0,0
Jamie Vardy,1781,3,1,6.6000000000000005,5.8,7.0,27.0,347.0,1.0,13.0,3.0,0.0,110.0,85.0,15.0,2,4.0,27.0,344.0,27.0,2.0,29
Jan Bednarek,1592,0,0,0.30000000000000004,0.30000000000000004,0.0,2.0,5551.0,0.0,50.0,0.0,0.0,321.0,412.0,127.0,48,16.0,2.0,1674.0,2.0,0.0,0
Jan Paul van Hecke,177,0,0,0.6,0.6,0.0,0.0,1096.0,0.0,16.0,0.0,0.0,55.0,116.0,11.0,4,3.0,0.0,512.0,0.0,0.0,0
Japhet Tanganga,146,0,0,0.0,0.0,0.0,2.0,541.0,1.0,5.0,0.0,0.0,46.0,38.0,7.0,2,3.0,2.0,133.0,2.0,0.0,0
Jarrod Bowen,3121,5,2,8.2,7.1000000000000005,13.0,114.0,2397.0,8.0,69.0,6.0,78.0,367.0,212.0,155.0,35,14.0,114.0,2039.0,114.0,3.0,9
Jaume Costa,2378,0,0,1.0,1.0,3.0,23.0,4944.0,16.0,70.0,0.0,0.0,472.0,413.0,133.0,19,24.0,23.0,1829.0,23.0,0.0,6
Javi Puado,2090,6,0,7.6,7.6,5.0,48.0,1196.0,3.0,50.0,0.0,0.0,255.0,170.0,41.0,9,11.0,48.0,1324.0,48.0,0.0,4
Javier Manquillo,37,0,0,0.0,0.0,1.0,0.0,114.0,0.0,4.0,0.0,0.0,14.0,12.0,2.0,1,2.0,0.0,38.0,0.0,0.0,0
Jawad El Yamiq,1518,1,0,0.9,0.9,0.0,14.0,5018.0,0.0,42.0,1.0,0.0,263.0,351.0,165.0,37,10.0,14.0,1503.0,14.0,0.0,0
Jean-Philippe Mateta,746,2,0,3.5,3.5,1.0,7.0,143.0,0.0,6.0,0.0,0.0,90.0,28.0,4.0,3,2.0,7.0,226.0,7.0,0.0,7
Jefferson Lerma,3162,5,0,2.6,2.6,1.0,22.0,7059.0,2.0,137.0,7.0,0.0,755.0,564.0,142.0,47,23.0,22.0,1733.0,22.0,0.0,2
Jeffrey Schlupp,2531,3,0,3.0,3.0,5.0,56.0,2798.0,0.0,98.0,3.0,0.0,418.0,312.0,104.0,23,28.0,56.0,1232.0,56.0,0.0,0
Jeremy Sarmiento,176,0,0,0.30000000000000004,0.30000000000000004,2.0,11.0,191.0,1.0,11.0,0.0,0.0,38.0,19.0,2.0,1,4.0,11.0,129.0,11.0,0.0,0
Jesse Lingard,923,0,0,1.0,1.0,2.0,10.0,897.0,1.0,33.0,1.0,0.0,137.0,104.0,28.0,5,2.0,10.0,527.0,10.0,0.0,2
Joachim Andersen,2692,1,0,1.7000000000000002,1.7000000000000002,1.0,9.0,13179.0,1.0,92.0,3.0,0.0,367.0,946.0,518.0,24,30.0,9.0,3347.0,9.0,0.0,2
Joe Aribo,1155,2,0,1.5,1.5,1.0,39.0,898.0,0.0,39.0,0.0,0.0,235.0,81.0,12.0,8,14.0,39.0,610.0,39.0,0.0,0
Joe Gomez,1376,0,0,0.1,0.1,1.0,5.0,7062.0,0.0,103.0,2.0,0.0,352.0,697.0,187.0,22,15.0,5.0,2482.0,5.0,0.0,1
Joe Rothwell,1016,0,0,0.1,0.1,2.0,23.0,1662.0,1.0,33.0,4.0,12.0,196.0,165.0,68.0,9,7.0,23.0,790.0,23.0,0.0,0
Joe Willock,2558,3,0,6.7,6.7,9.0,93.0,3082.0,8.0,121.0,4.0,0.0,485.0,310.0,86.0,25,13.0,93.0,2866.0,93.0,0.0,3
Joe Worrall,2134,1,0,0.6,0.6,0.0,3.0,6778.0,0.0,65.0,0.0,0.0,307.0,537.0,239.0,25,39.0,3.0,1554.0,3.0,0.0,0
Joel Matip,1002,1,0,0.7,0.7,0.0,7.0,4255.0,0.0,55.0,0.0,0.0,315.0,394.0,84.0,17,12.0,7.0,2764.0,7.0,0.0,1
Joel Ward,2166,1,0,0.9,0.9,1.0,9.0,6315.0,6.0,92.0,0.0,0.0,499.0,446.0,149.0,24,29.0,9.0,1109.0,9.0,0.0,0
Joelinton,2661,6,0,7.3,7.3,10.0,111.0,4014.0,3.0,130.0,3.0,0.0,668.0,390.0,75.0,48,36.0,111.0,2286.0,111.0,1.0,1
Johan Mojica,884,0,0,0.1,0.1,0.0,22.0,1935.0,4.0,28.0,0.0,1.0,227.0,218.0,64.0,8,13.0,22.0,1178.0,22.0,0.0,0
John Donald,822,0,0,0.1,0.1,1.0,4.0,1214.0,0.0,18.0,0.0,0.0,146.0,129.0,21.0,11,6.0,4.0,413.0,4.0,0.0,0
John McGinn,2603,1,0,2.4,2.4,10.0,68.0,4775.0,5.0,136.0,10.0,18.0,422.0,364.0,163.0,22,27.0,68.0,1751.0,68.0,2.0,0
John Stones,1729,2,0,1.0,1.0,5.0,10.0,6235.0,0.0,99.0,1.0,0.0,690.0,620.0,119.0,9,11.0,10.0,2917.0,10.0,0.0,1
Jon Moncayola,2273,1,0,1.8,1.8,6.0,6.0,7393.0,8.0,166.0,2.0,8.0,466.0,567.0,283.0,15,22.0,6.0,1960.0,6.0,1.0,3
Jon Morcillo,76,0,0,0.1,0.1,1.0,5.0,156.0,1.0,2.0,0.0,0.0,20.0,13.0,7.0,1,1.0,5.0,198.0,5.0,0.0,0
Jon Pacheco,1013,0,0,0.0,0.0,0.0,3.0,3903.0,0.0,39.0,1.0,0.0,229.0,419.0,99.0,10,10.0,3.0,1716.0,3.0,0.0,1
Jonjo Shelvey,577,0,0,0.2,0.2,0.0,4.0,2037.0,2.0,37.0,3.0,0.0,92.0,122.0,106.0,5,1.0,4.0,461.0,4.0,0.0,0
Jonny Evans,899,0,0,0.2,0.2,0.0,0.0,4856.0,0.0,32.0,0.0,0.0,194.0,402.0,102.0,16,12.0,0.0,1068.0,0.0,0.0,1
Jordan Amavi,200,0,0,0.0,0.0,1.0,1.0,372.0,0.0,5.0,0.0,0.0,39.0,36.0,11.0,4,3.0,1.0,121.0,1.0,0.0,1
Jordan Ayew,2624,4,0,3.0,3.0,8.0,146.0,1621.0,6.0,60.0,5.0,0.0,478.0,241.0,40.0,15,22.0,146.0,2276.0,146.0,0.0,3
Jordan Henderson,2040,0,0,1.3,1.3,7.0,23.0,5695.0,12.0,181.0,8.0,0.0,721.0,581.0,188.0,20,10.0,23.0,2005.0,23.0,0.0,3
Jordan Zemura,1454,0,0,0.4,0.4,2.0,40.0,3247.0,5.0,45.0,0.0,0.0,284.0,187.0,55.0,16,24.0,40.0,1235.0,40.0,0.0,0
Jordi Alba,1339,2,0,0.6,0.6,6.0,8.0,5255.0,14.0,131.0,4.0,0.0,671.0,486.0,132.0,11,12.0,8.0,1945.0,8.0,0.0,10
Jorge Cuenca,461,0,0,0.30000000000000004,0.30000000000000004,0.0,0.0,2209.0,0.0,22.0,1.0,0.0,109.0,189.0,46.0,5,7.0,0.0,982.0,0.0,0.0,0
Jorginho,2044,2,2,1.9000000000000001,0.30000000000000004,5.0,20.0,6178.0,0.0,172.0,6.0,0.0,709.0,649.0,128.0,30,27.0,20.0,2250.0,20.0,0.0,0
Josan,820,1,0,0.4,0.4,1.0,25.0,1824.0,6.0,25.0,0.0,1.0,176.0,133.0,53.0,5,14.0,25.0,907.0,25.0,0.0,4
Joseba Zaldua,639,0,0,0.0,0.0,1.0,10.0,1133.0,2.0,13.0,0.0,0.0,119.0,100.0,42.0,11,10.0,10.0,450.0,10.0,0.0,2
Joselu,2810,15,4,13.1,9.9,8.0,40.0,1387.0,1.0,64.0,2.0,0.0,382.0,211.0,50.0,8,2.0,40.0,581.0,40.0,2.0,23
Joseph Aidoo,2939,3,0,0.8,0.8,0.0,12.0,9143.0,0.0,89.0,0.0,0.0,417.0,1001.0,227.0,29,33.0,12.0,3129.0,12.0,0.0,0
Josh Dasilva,1368,4,0,1.5,1.5,7.0,55.0,1884.0,5.0,62.0,1.0,4.0,282.0,217.0,67.0,5,6.0,55.0,1573.0,55.0,0.0,0
Juan Cruz,348,2,0,1.0,1.0,0.0,14.0,130.0,0.0,2.0,0.0,0.0,32.0,22.0,8.0,0,0.0,14.0,352.0,14.0,0.0,2
Juan Foyth,1868,1,0,1.1,1.1,2.0,46.0,6719.0,3.0,96.0,3.0,0.0,584.0,459.0,128.0,20,45.0,46.0,2624.0,46.0,0.0,0
Juan Larios,152,0,0,0.0,0.0,1.0,4.0,326.0,0.0,4.0,0.0,0.0,46.0,27.0,4.0,3,6.0,4.0,201.0,4.0,0.0,0
Juan Miranda,1292,3,0,2.3,2.3,1.0,14.0,4238.0,8.0,62.0,0.0,2.0,275.0,249.0,126.0,18,15.0,14.0,1018.0,14.0,0.0,0
Juanmi,815,4,0,3.2,3.2,2.0,30.0,423.0,0.0,13.0,3.0,0.0,131.0,55.0,12.0,4,4.0,30.0,423.0,30.0,0.0,15
Juanpe,1381,1,0,0.4,0.4,0.0,1.0,5217.0,0.0,36.0,0.0,0.0,235.0,437.0,135.0,9,10.0,1.0,1523.0,1.0,0.0,0
Junior Firpo,1337,1,0,0.1,0.1,2.0,14.0,3144.0,3.0,51.0,1.0,0.0,273.0,246.0,51.0,23,27.0,14.0,763.0,14.0,1.0,0
Junior Stanislas,61,0,0,0.0,0.0,0.0,0.0,71.0,0.0,4.0,0.0,0.0,14.0,11.0,1.0,0,0.0,0.0,13.0,0.0,0.0,0
Justin Kluivert,1255,6,1,6.2,5.4,4.0,53.0,898.0,9.0,27.0,0.0,5.0,180.0,96.0,49.0,7,7.0,53.0,1363.0,53.0,1.0,7
Kai Havertz,2364,7,1,10.8,10.0,4.0,58.0,1605.0,2.0,75.0,2.0,0.0,493.0,194.0,27.0,7,4.0,58.0,1298.0,58.0,0.0,27
Kaiky,581,0,0,0.1,0.1,0.0,3.0,1389.0,0.0,11.0,0.0,0.0,65.0,97.0,54.0,11,5.0,3.0,513.0,3.0,0.0,0
Kalidou Koulibaly,1790,2,0,0.8,0.8,3.0,6.0,8984.0,1.0,81.0,0.0,0.0,595.0,650.0,175.0,29,32.0,6.0,2453.0,6.0,0.0,0
Kalvin Phillips,113,0,0,0.1,0.1,0.0,0.0,394.0,0.0,8.0,0.0,0.0,57.0,67.0,18.0,2,2.0,0.0,113.0,0.0,0.0,0
Kamaldeen Sulemana,861,0,0,1.1,1.1,1.0,65.0,589.0,1.0,35.0,1.0,0.0,116.0,73.0,31.0,5,4.0,65.0,857.0,65.0,0.0,2
Kaoru Mitoma,2114,7,0,6.1,6.1,14.0,120.0,2151.0,1.0,81.0,4.0,0.0,529.0,250.0,51.0,14,15.0,120.0,3485.0,120.0,1.0,5
Karim Benzema,1875,17,7,20.0,14.2,6.0,42.0,2220.0,0.0,131.0,8.0,0.0,638.0,191.0,28.0,1,2.0,42.0,1744.0,42.0,2.0,20
Karim Rekik,1001,1,0,0.8,0.8,2.0,5.0,3414.0,1.0,45.0,0.0,0.0,243.0,320.0,55.0,10,3.0,5.0,1199.0,5.0,0.0,0
Keane Lewis-Potter,321,0,0,0.5,0.5,2.0,14.0,118.0,1.0,6.0,1.0,0.0,50.0,17.0,10.0,0,0.0,14.0,336.0,14.0,0.0,1
Keidi Bare,472,0,0,0.6,0.6,1.0,6.0,931.0,0.0,23.0,0.0,1.0,106.0,91.0,29.0,11,7.0,6.0,358.0,6.0,0.0,0
Kelechi Iheanacho,1006,5,1,6.9,6.2,5.0,36.0,562.0,0.0,24.0,4.0,0.0,167.0,55.0,21.0,0,0.0,36.0,654.0,36.0,0.0,11
Kenedy,230,0,0,0.3,0.3,1.0,12.0,179.0,1.0,3.0,0.0,0.0,30.0,15.0,8.0,1,3.0,12.0,122.0,12.0,0.0,0
Kenny Tete,2479,0,0,0.30000000000000004,0.30000000000000004,12.0,34.0,6982.0,17.0,102.0,1.0,0.0,675.0,549.0,156.0,49,40.0,34.0,2232.0,34.0,0.0,0
Kevin De Bruyne,2348,7,0,5.4,5.4,31.0,58.0,6378.0,19.0,241.0,28.0,20.0,617.0,613.0,271.0,9,3.0,58.0,3347.0,58.0,2.0,5
Kevin Schade,711,0,0,1.9000000000000001,1.9000000000000001,3.0,34.0,261.0,2.0,14.0,1.0,0.0,84.0,48.0,4.0,4,7.0,34.0,479.0,34.0,1.0,6
Kieffer Moore,1253,4,0,4.2,4.2,2.0,13.0,479.0,0.0,23.0,0.0,0.0,190.0,93.0,19.0,1,2.0,13.0,296.0,13.0,0.0,1
Kieran Tierney,784,0,0,0.30000000000000004,0.30000000000000004,4.0,10.0,2022.0,1.0,34.0,1.0,0.0,168.0,215.0,69.0,11,9.0,10.0,822.0,10.0,0.0,1
Kieran Trippier,3161,1,0,0.9,0.9,10.0,35.0,15905.0,26.0,237.0,16.0,85.0,905.0,919.0,629.0,42,34.0,35.0,1971.0,35.0,0.0,7
Kiernan Dewsbury-Hall,2236,2,0,2.3,2.3,9.0,69.0,3668.0,4.0,129.0,9.0,7.0,501.0,380.0,157.0,27,14.0,69.0,2418.0,69.0,0.0,1
Kike Barja,1153,1,0,1.0,1.0,7.0,80.0,1119.0,18.0,33.0,2.0,5.0,195.0,138.0,62.0,4,6.0,80.0,1372.0,80.0,0.0,6
Kobbie Mainoo,11,0,0,0.0,0.0,0.0,1.0,31.0,0.0,1.0,0.0,0.0,6.0,2.0,0.0,0,0.0,1.0,48.0,1.0,0.0,0
Koke,2278,0,0,0.6000000000000001,0.6000000000000001,6.0,15.0,7928.0,3.0,165.0,6.0,0.0,931.0,590.0,170.0,18,21.0,15.0,1892.0,15.0,0.0,1
Kristoffer Ajer,763,0,0,0.0,0.0,0.0,7.0,1887.0,1.0,31.0,0.0,0.0,159.0,128.0,40.0,7,5.0,7.0,613.0,7.0,0.0,0
Kurt Zouma,1944,2,0,2.2,2.2,2.0,4.0,4383.0,0.0,30.0,0.0,0.0,263.0,401.0,129.0,30,4.0,4.0,1008.0,4.0,0.0,0
Kyle Walker,1688,0,0,0.3,0.3,3.0,15.0,7329.0,2.0,147.0,4.0,0.0,705.0,732.0,195.0,16,7.0,15.0,2515.0,15.0,0.0,0
Kyle Walker-Peters,2470,1,0,0.9,0.9,2.0,93.0,5577.0,9.0,93.0,1.0,0.0,633.0,418.0,108.0,22,31.0,93.0,3009.0,93.0,0.0,1
Largie Ramazani,1350,3,1,4.1000000000000005,3.3000000000000003,2.0,65.0,840.0,1.0,29.0,3.0,1.0,138.0,87.0,27.0,15,5.0,65.0,1256.0,65.0,0.0,12
Lautaro Blanco,722,0,0,0.0,0.0,2.0,19.0,1918.0,7.0,23.0,0.0,0.0,120.0,113.0,91.0,2,8.0,19.0,773.0,19.0,0.0,1
Layvin Kurzawa,135,0,0,0.0,0.0,0.0,4.0,135.0,1.0,2.0,0.0,0.0,13.0,19.0,3.0,2,1.0,4.0,20.0,4.0,0.0,0
Leander Dendoncker,911,0,0,0.7,0.7,0.0,7.0,1091.0,1.0,24.0,0.0,0.0,178.0,153.0,26.0,19,11.0,7.0,348.0,7.0,0.0,0
Leandro Cabrera,2489,0,0,2.0,2.0,1.0,9.0,8451.0,2.0,82.0,0.0,0.0,327.0,562.0,290.0,37,29.0,9.0,1277.0,9.0,0.0,1
Leandro Trossard,2167,8,0,6.2,6.2,16.0,65.0,3342.0,12.0,119.0,15.0,21.0,413.0,323.0,119.0,11,10.0,65.0,2248.0,65.0,1.0,8
Leon Bailey,1899,4,0,5.0,5.0,7.0,106.0,1249.0,15.0,27.0,3.0,13.0,243.0,150.0,74.0,5,5.0,106.0,1675.0,106.0,0.0,9
Levi Colwill,952,0,0,1.4,1.4,1.0,0.0,6332.0,0.0,56.0,2.0,0.0,371.0,442.0,93.0,14,2.0,0.0,2500.0,0.0,0.0,0
Lewis Cook,1720,0,0,0.2,0.2,4.0,19.0,3134.0,9.0,63.0,1.0,15.0,328.0,274.0,93.0,23,10.0,19.0,809.0,19.0,0.0,0
Lewis Dunk,3149,1,0,2.0,2.0,2.0,4.0,19445.0,1.0,151.0,4.0,0.0,1067.0,1539.0,419.0,34,19.0,4.0,5971.0,4.0,0.0,1
Lewis Hall,394,0,0,0.5,0.5,0.0,13.0,1135.0,2.0,17.0,0.0,2.0,129.0,97.0,35.0,10,10.0,13.0,501.0,13.0,0.0,1
Liam Cooper,1336,1,0,1.1,1.1,3.0,4.0,4247.0,1.0,40.0,0.0,0.0,253.0,348.0,108.0,32,25.0,4.0,865.0,4.0,0.0,0
Lloyd Kelly,1950,0,0,0.1,0.1,2.0,7.0,6759.0,2.0,42.0,2.0,0.0,349.0,486.0,207.0,23,23.0,7.0,1764.0,7.0,0.0,0
Luca de la Torre,1367,0,0,0.9,0.9,5.0,21.0,1233.0,2.0,59.0,2.0,0.0,306.0,182.0,37.0,8,11.0,21.0,1446.0,21.0,0.0,3
Lucas Digne,1412,1,0,0.2,0.2,0.0,16.0,4005.0,14.0,52.0,0.0,4.0,419.0,323.0,97.0,17,20.0,16.0,1185.0,16.0,0.0,2
Lucas Moura,152,0,0,0.2,0.2,0.0,10.0,248.0,1.0,13.0,1.0,0.0,49.0,25.0,3.0,2,1.0,10.0,125.0,10.0,0.0,0
Lucas Ocampos,1075,4,3,4.3,1.9,2.0,60.0,814.0,4.0,35.0,0.0,0.0,236.0,125.0,31.0,8,8.0,60.0,1013.0,60.0,1.0,6
Lucas Olaza,1279,0,0,0.3,0.3,1.0,11.0,3747.0,7.0,52.0,0.0,1.0,277.0,274.0,101.0,13,10.0,11.0,644.0,11.0,0.0,2
Lucas Robertone,2629,2,0,2.6,2.6,11.0,65.0,5836.0,12.0,147.0,10.0,25.0,525.0,414.0,246.0,40,18.0,65.0,2325.0,65.0,0.0,3
Ludwig Augustinsson,209,0,0,0.1,0.1,0.0,1.0,450.0,2.0,5.0,0.0,0.0,51.0,39.0,18.0,1,3.0,1.0,89.0,1.0,0.0,0
Luis Milla,1728,0,0,0.1,0.1,1.0,15.0,4380.0,2.0,98.0,1.0,17.0,384.0,324.0,171.0,28,19.0,15.0,1158.0,15.0,0.0,1
Luis Sinisterra,867,5,0,3.6,3.6,2.0,42.0,993.0,2.0,39.0,2.0,0.0,188.0,84.0,19.0,8,8.0,42.0,931.0,42.0,0.0,5
Luiz Felipe,1583,0,0,0.1,0.1,1.0,8.0,4728.0,1.0,41.0,0.0,0.0,292.0,343.0,100.0,24,22.0,8.0,1069.0,8.0,0.0,0
Luiz Henrique,1799,1,0,3.1,3.1,4.0,122.0,1126.0,6.0,26.0,1.0,0.0,304.0,152.0,31.0,14,27.0,122.0,1639.0,122.0,0.0,5
Luka Milivojevic,512,0,0,0.30000000000000004,0.30000000000000004,0.0,1.0,1136.0,1.0,20.0,0.0,2.0,101.0,107.0,37.0,12,7.0,1.0,263.0,1.0,0.0,0
Luka Modric,1567,4,1,4.0,3.2,9.0,39.0,5690.0,2.0,156.0,7.0,21.0,711.0,415.0,158.0,10,6.0,39.0,2281.0,39.0,0.0,3
Luke Ayling,1874,2,0,2.8,2.8,1.0,33.0,5788.0,9.0,69.0,0.0,0.0,458.0,337.0,141.0,24,42.0,33.0,1312.0,33.0,0.0,1
Luke Shaw,2507,1,0,0.8,0.8,6.0,39.0,10417.0,14.0,137.0,2.0,20.0,1037.0,721.0,205.0,36,30.0,39.0,3326.0,39.0,0.0,1
Luke Thomas,893,0,0,0.1,0.1,2.0,11.0,2985.0,2.0,43.0,3.0,0.0,288.0,213.0,46.0,26,13.0,11.0,521.0,11.0,0.0,0
Lyanco,1000,1,0,0.6,0.6,0.0,9.0,2399.0,1.0,34.0,3.0,0.0,150.0,227.0,97.0,16,13.0,9.0,939.0,9.0,0.0,1
Mads Roerslev,1106,0,0,0.30000000000000004,0.30000000000000004,1.0,7.0,1071.0,5.0,19.0,2.0,0.0,141.0,84.0,43.0,9,19.0,7.0,278.0,7.0,0.0,0
Manor Solomon,547,4,0,1.0,1.0,2.0,37.0,560.0,1.0,24.0,1.0,0.0,110.0,60.0,11.0,4,12.0,37.0,686.0,37.0,0.0,2
Manu Morlanes,696,1,0,0.2,0.2,2.0,10.0,871.0,0.0,27.0,1.0,0.0,107.0,77.0,24.0,2,11.0,10.0,351.0,10.0,0.0,0
Manu Trigueros,673,0,0,0.2,0.2,1.0,2.0,1437.0,0.0,56.0,1.0,1.0,237.0,142.0,24.0,4,8.0,2.0,487.0,2.0,0.0,1
Manuel Akanji,2231,0,0,1.2000000000000002,1.2000000000000002,0.0,12.0,9890.0,1.0,112.0,0.0,0.0,878.0,913.0,160.0,16,15.0,12.0,4852.0,12.0,0.0,0
Manuel Lanzini,240,0,0,0.0,0.0,0.0,3.0,435.0,0.0,18.0,0.0,0.0,85.0,44.0,13.0,1,1.0,3.0,190.0,3.0,0.0,2
Marc Cucurella,1671,0,0,0.5,0.5,3.0,14.0,5116.0,6.0,73.0,0.0,8.0,647.0,453.0,110.0,16,40.0,14.0,1797.0,14.0,0.0,1
Marc Roca,2308,1,0,1.9000000000000001,1.9000000000000001,4.0,30.0,6484.0,2.0,168.0,6.0,20.0,571.0,446.0,197.0,23,27.0,30.0,1881.0,30.0,0.0,0
Marcel Sabitzer,627,0,0,0.8,0.8,3.0,3.0,1123.0,1.0,38.0,2.0,0.0,157.0,97.0,22.0,8,3.0,3.0,361.0,3.0,0.0,1
Marco Asensio,1390,9,1,6.4,5.6000000000000005,12.0,32.0,2215.0,6.0,68.0,5.0,23.0,405.0,216.0,99.0,5,8.0,32.0,1790.0,32.0,1.0,4
Marcos Acuña,1753,3,0,0.9,0.9,4.0,49.0,6684.0,19.0,100.0,3.0,5.0,476.0,464.0,250.0,21,33.0,49.0,1943.0,49.0,0.0,1
Marcos Alonso,982,1,0,0.9,0.9,1.0,2.0,4956.0,3.0,63.0,1.0,6.0,319.0,413.0,106.0,10,7.0,2.0,2241.0,2.0,0.0,0
Marcos Llorente,1703,1,0,2.1,2.1,3.0,27.0,2473.0,3.0,88.0,1.0,0.0,415.0,260.0,55.0,17,16.0,27.0,1942.0,27.0,0.0,3
Marcos Senesi,2401,2,0,1.5,1.5,3.0,12.0,8674.0,1.0,60.0,1.0,0.0,364.0,581.0,230.0,42,28.0,12.0,2148.0,12.0,0.0,0
Marcus Rashford,2741,16,0,13.7,13.7,13.0,132.0,1992.0,2.0,77.0,2.0,0.0,453.0,172.0,62.0,7,7.0,132.0,2118.0,132.0,0.0,15
Marcus Tavernier,1743,5,0,2.9,2.9,8.0,96.0,2431.0,5.0,56.0,5.0,22.0,339.0,225.0,100.0,9,19.0,96.0,2028.0,96.0,0.0,4
Mario Hermoso,1840,3,0,1.9000000000000001,1.9000000000000001,3.0,17.0,8191.0,2.0,107.0,5.0,0.0,552.0,519.0,216.0,16,11.0,17.0,1792.0,17.0,0.0,2
Mario Lemina,1209,0,0,0.30000000000000004,0.30000000000000004,2.0,18.0,2486.0,1.0,40.0,1.0,0.0,248.0,259.0,65.0,14,20.0,18.0,890.0,18.0,0.0,1
Marko Milovanovic,15,0,0,0.1,0.1,0.0,0.0,7.0,0.0,1.0,0.0,0.0,2.0,4.0,0.0,0,0.0,0.0,8.0,0.0,0.0,0
Martin Braithwaite,2308,9,0,8.200000000000001,8.200000000000001,6.0,50.0,933.0,2.0,50.0,2.0,0.0,236.0,103.0,25.0,5,2.0,50.0,904.0,50.0,0.0,12
Martin Hongla,1216,0,0,0.0,0.0,1.0,10.0,3064.0,1.0,46.0,1.0,0.0,157.0,267.0,145.0,8,13.0,10.0,1198.0,10.0,0.0,2
Martin Valjent,2386,0,0,0.2,0.2,1.0,5.0,6774.0,2.0,53.0,0.0,0.0,367.0,445.0,196.0,27,19.0,5.0,1528.0,5.0,0.0,1
Martin Ødegaard,3053,15,0,10.0,10.0,16.0,80.0,5883.0,4.0,259.0,22.0,9.0,851.0,597.0,171.0,6,12.0,80.0,2870.0,80.0,0.0,1
Mason Holgate,507,0,0,1.0,1.0,2.0,3.0,831.0,1.0,14.0,1.0,0.0,63.0,87.0,58.0,7,8.0,3.0,279.0,3.0,0.0,0
Mason Mount,1648,3,0,1.8,1.8,7.0,31.0,2236.0,5.0,98.0,6.0,11.0,409.0,216.0,84.0,8,6.0,31.0,1429.0,31.0,0.0,1
Mateo Kovacic,1686,1,0,1.8,1.8,3.0,34.0,5503.0,1.0,152.0,10.0,0.0,600.0,513.0,120.0,19,16.0,34.0,2512.0,34.0,0.0,0
Matheus Cunha,1342,2,0,3.2,3.2,2.0,46.0,556.0,0.0,21.0,2.0,0.0,187.0,66.0,21.0,11,1.0,46.0,680.0,46.0,0.0,4
Matheus Nunes,2422,1,0,2.2,2.2,5.0,83.0,2940.0,7.0,84.0,6.0,3.0,444.0,328.0,173.0,15,36.0,83.0,2603.0,83.0,0.0,2
Mathias Jensen,2803,5,0,2.0,2.0,13.0,61.0,8457.0,16.0,141.0,5.0,37.0,559.0,555.0,372.0,32,28.0,61.0,1379.0,61.0,0.0,1
Matija Nastasic,906,1,0,0.5,0.5,0.0,0.0,2120.0,0.0,25.0,0.0,0.0,87.0,137.0,70.0,18,7.0,0.0,432.0,0.0,0.0,1
Matt Doherty,685,1,0,0.9,0.9,3.0,12.0,1225.0,3.0,20.0,0.0,0.0,209.0,138.0,38.0,8,12.0,12.0,448.0,12.0,0.0,0
Matt Ritchie,39,0,0,0.0,0.0,0.0,1.0,88.0,0.0,1.0,0.0,0.0,16.0,6.0,4.0,1,0.0,1.0,48.0,1.0,0.0,0
Matt Targett,536,0,0,0.0,0.0,0.0,2.0,2217.0,0.0,42.0,0.0,9.0,168.0,145.0,54.0,8,7.0,2.0,406.0,2.0,0.0,0
Matty Cash,1730,0,0,0.2,0.2,3.0,33.0,4413.0,9.0,74.0,2.0,0.0,373.0,425.0,132.0,25,35.0,33.0,1656.0,33.0,0.0,2
Mauro Arambarri,927,0,0,0.1,0.1,3.0,4.0,2030.0,2.0,33.0,0.0,14.0,126.0,175.0,99.0,14,9.0,4.0,502.0,4.0,0.0,0
Max Kilman,3240,0,0,1.3,1.3,2.0,24.0,12038.0,2.0,124.0,0.0,0.0,609.0,1025.0,372.0,19,26.0,24.0,4489.0,24.0,0.0,0
Maxwel Cornet,225,0,0,1.1,1.1,0.0,5.0,140.0,1.0,5.0,0.0,0.0,44.0,24.0,2.0,2,5.0,5.0,136.0,5.0,0.0,7
Michael Keane,985,1,0,1.3,1.3,2.0,7.0,2983.0,0.0,31.0,0.0,0.0,146.0,179.0,93.0,14,5.0,7.0,719.0,7.0,0.0,0
Michael Olise,2660,2,0,2.7,2.7,12.0,136.0,4773.0,14.0,131.0,3.0,56.0,577.0,424.0,266.0,25,27.0,136.0,3188.0,136.0,0.0,7
Michail Antonio,1768,5,0,6.5,6.5,9.0,64.0,463.0,2.0,27.0,1.0,0.0,158.0,104.0,30.0,5,1.0,64.0,1176.0,64.0,0.0,12
Mikel Balenziaga,115,0,0,0.0,0.0,0.0,1.0,242.0,1.0,7.0,0.0,0.0,29.0,26.0,9.0,1,1.0,1.0,50.0,1.0,0.0,0
Mikel Merino,2316,2,1,4.1000000000000005,3.3000000000000003,12.0,39.0,5664.0,5.0,159.0,10.0,0.0,658.0,482.0,149.0,19,25.0,39.0,1600.0,39.0,0.0,4
Mikel Oyarzabal,1065,4,3,4.5,2.2,3.0,24.0,673.0,1.0,25.0,0.0,5.0,179.0,84.0,36.0,2,2.0,24.0,584.0,24.0,1.0,11
Mikel Vesga,2329,3,2,2.9,1.3,6.0,16.0,6261.0,4.0,183.0,2.0,0.0,604.0,527.0,178.0,31,18.0,16.0,1811.0,16.0,1.0,0
Mikkel Damsgaard,919,0,0,2.6,2.6,2.0,21.0,1361.0,1.0,42.0,5.0,1.0,182.0,119.0,42.0,10,12.0,21.0,561.0,21.0,0.0,0
Mislav Orsic,7,0,0,0.0,0.0,0.0,0.0,0.0,0.0,0.0,0.0,0.0,2.0,0.0,1.0,0,1.0,0.0,7.0,0.0,0.0,1
Mohamed Elneny,113,0,0,0.0,0.0,0.0,0.0,224.0,0.0,2.0,0.0,0.0,23.0,29.0,6.0,0,1.0,0.0,37.0,0.0,0.0,0
Mohamed Elyounoussi,2035,0,0,2.5,2.5,4.0,42.0,1571.0,6.0,47.0,7.0,1.0,329.0,158.0,52.0,26,19.0,42.0,1300.0,42.0,0.0,3
Mohamed Salah,3200,19,4,20.7,17.6,23.0,128.0,3314.0,7.0,144.0,13.0,0.0,629.0,337.0,64.0,6,4.0,128.0,2853.0,128.0,0.0,22
Mohammed Salisu,1973,0,0,1.5,1.5,3.0,10.0,7370.0,4.0,82.0,1.0,0.0,412.0,538.0,209.0,31,33.0,10.0,1556.0,10.0,0.0,1
Monchu,1963,3,0,2.3000000000000003,2.3000000000000003,5.0,20.0,4703.0,2.0,107.0,5.0,9.0,398.0,366.0,225.0,17,18.0,20.0,1227.0,20.0,0.0,1
Morgan Gibbs-White,3063,5,2,6.9,5.3,11.0,103.0,4136.0,5.0,141.0,16.0,42.0,517.0,300.0,227.0,15,10.0,103.0,2307.0,103.0,0.0,5
Mouctar Diakhaby,2176,3,0,2.7,2.7,0.0,7.0,6593.0,0.0,70.0,0.0,0.0,271.0,582.0,204.0,17,17.0,7.0,1806.0,7.0,0.0,3
Moussa Djenepo,710,0,0,0.2,0.2,4.0,42.0,772.0,3.0,19.0,0.0,0.0,119.0,83.0,20.0,11,13.0,42.0,726.0,42.0,0.0,1
Munir El Haddadi,1136,3,0,2.5,2.5,2.0,34.0,1317.0,7.0,30.0,0.0,7.0,184.0,126.0,59.0,9,3.0,34.0,551.0,34.0,0.0,13
Nabil Fekir,961,2,1,2.5,1.7000000000000002,5.0,44.0,1367.0,1.0,41.0,2.0,13.0,258.0,107.0,55.0,1,3.0,44.0,1072.0,44.0,1.0,7
Nacho Vidal,1247,0,0,0.6,0.6,0.0,27.0,3267.0,3.0,47.0,2.0,0.0,257.0,248.0,82.0,19,16.0,27.0,620.0,27.0,0.0,0
Nahuel Molina,2597,3,0,2.2,2.2,5.0,45.0,7766.0,17.0,104.0,7.0,4.0,842.0,616.0,193.0,14,34.0,45.0,2690.0,45.0,0.0,3
Nampalys Mendy,735,1,0,0.1,0.1,0.0,11.0,1124.0,0.0,28.0,1.0,0.0,201.0,155.0,26.0,13,7.0,11.0,451.0,11.0,0.0,0
Naouirou Ahamada,93,0,0,0.1,0.1,0.0,2.0,179.0,0.0,2.0,0.0,0.0,23.0,17.0,3.0,0,3.0,2.0,70.0,2.0,0.0,2
Nathan Collins,1724,0,0,0.1,0.1,0.0,8.0,6646.0,0.0,61.0,0.0,0.0,316.0,586.0,164.0,21,19.0,8.0,1755.0,8.0,0.0,1
Nathan Patterson,1279,0,0,0.5,0.5,0.0,24.0,2596.0,4.0,24.0,1.0,0.0,315.0,230.0,67.0,15,32.0,24.0,851.0,24.0,0.0,1
Nathaniel Clyne,1640,0,0,0.0,0.0,0.0,12.0,3887.0,5.0,52.0,0.0,0.0,386.0,346.0,73.0,19,13.0,12.0,896.0,12.0,0.0,0
Nathaniel Phillips,66,0,0,0.0,0.0,0.0,0.0,602.0,0.0,9.0,0.0,0.0,34.0,29.0,14.0,2,0.0,0.0,393.0,0.0,0.0,0
Nayef Aguerd,1505,2,0,2.3,2.3,0.0,6.0,4866.0,0.0,24.0,0.0,0.0,219.0,312.0,156.0,17,18.0,6.0,1016.0,6.0,0.0,2
Neal Maupay,1118,1,0,5.0,5.0,1.0,19.0,217.0,0.0,11.0,0.0,0.0,151.0,63.0,9.0,5,3.0,19.0,306.0,19.0,0.0,1
Neco Williams,1882,1,0,1.2,1.2,2.0,55.0,3461.0,9.0,33.0,3.0,7.0,307.0,286.0,177.0,33,49.0,55.0,2064.0,55.0,1.0,2
Neeskens Kebano,764,0,0,0.30000000000000004,0.30000000000000004,5.0,28.0,517.0,3.0,24.0,0.0,0.0,106.0,58.0,13.0,1,8.0,28.0,841.0,28.0,0.0,2
Nemanja Gudelj,2618,3,0,1.6,1.6,3.0,4.0,7942.0,2.0,107.0,1.0,0.0,623.0,748.0,127.0,32,21.0,4.0,3325.0,4.0,0.0,1
Nemanja Maksimovic,1786,0,0,1.0,1.0,1.0,6.0,1172.0,2.0,34.0,0.0,0.0,232.0,185.0,38.0,27,14.0,6.0,517.0,6.0,0.0,0
Nico Williams,2537,6,0,4.9,4.9,9.0,183.0,2301.0,12.0,75.0,4.0,16.0,433.0,281.0,98.0,8,8.0,183.0,3852.0,183.0,1.0,14
Nicolas Jackson,1332,9,0,6.6,6.6,12.0,34.0,676.0,0.0,37.0,0.0,0.0,147.0,73.0,13.0,2,2.0,34.0,1077.0,34.0,0.0,13
Noni Madueke,453,1,0,0.8,0.8,1.0,47.0,508.0,0.0,27.0,0.0,1.0,107.0,69.0,8.0,4,3.0,47.0,788.0,47.0,0.0,2
Odsonne Edouard,1737,5,0,4.1,4.1,4.0,45.0,532.0,0.0,32.0,1.0,0.0,261.0,86.0,10.0,3,7.0,45.0,627.0,45.0,0.0,13
Oier Zarraga,738,0,0,1.0,1.0,0.0,6.0,1026.0,3.0,28.0,0.0,0.0,153.0,139.0,21.0,8,4.0,6.0,692.0,6.0,0.0,0
Oihan Sancet,2363,9,2,7.3,5.8,5.0,78.0,2755.0,1.0,145.0,7.0,0.0,490.0,306.0,57.0,4,2.0,78.0,2620.0,78.0,0.0,2
Oleksandr Zinchenko,2118,1,0,1.5,1.5,4.0,25.0,7899.0,4.0,227.0,6.0,0.0,876.0,798.0,148.0,22,14.0,25.0,3787.0,25.0,0.0,1
Oliver Skipp,1402,1,0,0.2,0.2,1.0,13.0,2472.0,1.0,54.0,1.0,0.0,329.0,284.0,58.0,14,15.0,13.0,865.0,13.0,0.0,0
Ollie Watkins,3037,14,2,15.7,14.1,14.0,63.0,824.0,2.0,37.0,0.0,0.0,337.0,120.0,15.0,9,3.0,63.0,1160.0,63.0,1.0,18
Omar Alderete,1790,0,0,0.4,0.4,3.0,21.0,5039.0,0.0,86.0,1.0,0.0,203.0,312.0,231.0,22,19.0,21.0,1630.0,21.0,0.0,0
Omar El Hilali,92,0,0,0.0,0.0,0.0,1.0,128.0,0.0,0.0,0.0,0.0,12.0,17.0,5.0,1,3.0,1.0,5.0,1.0,0.0,0
Omar Mascarell,2447,0,0,0.5,0.5,3.0,33.0,6208.0,1.0,116.0,0.0,1.0,469.0,560.0,201.0,45,32.0,33.0,2337.0,33.0,0.0,0
Orel Mangala,1479,1,0,0.6000000000000001,0.6000000000000001,1.0,32.0,1731.0,0.0,40.0,1.0,0.0,248.0,174.0,42.0,22,14.0,32.0,787.0,32.0,0.0,0
Oriol Romeu,2754,2,0,1.6,1.6,2.0,22.0,5773.0,3.0,121.0,3.0,0.0,632.0,592.0,177.0,35,34.0,22.0,1925.0,22.0,0.0,0
Pablo Barrios,610,0,0,0.4,0.4,2.0,29.0,1511.0,0.0,45.0,1.0,0.0,189.0,143.0,34.0,9,3.0,29.0,585.0,29.0,0.0,0
Pablo Fornals,1324,2,0,2.0,2.0,2.0,19.0,2328.0,4.0,66.0,6.0,17.0,270.0,234.0,111.0,13,8.0,19.0,1052.0,19.0,0.0,1
Pablo Maffeo,2710,2,0,1.5,1.5,6.0,78.0,5731.0,21.0,58.0,2.0,0.0,426.0,437.0,201.0,23,48.0,78.0,1984.0,78.0,0.0,5
Pablo Sarabia,765,1,0,3.0,3.0,0.0,12.0,1260.0,4.0,41.0,2.0,18.0,176.0,92.0,59.0,2,4.0,12.0,522.0,12.0,0.0,3
Pablo Torre,63,0,0,0.0,0.0,1.0,1.0,110.0,0.0,4.0,1.0,0.0,27.0,8.0,6.0,2,0.0,1.0,55.0,1.0,0.0,0
Pape Gueye,1064,1,0,1.0,1.0,5.0,20.0,1988.0,1.0,56.0,1.0,0.0,201.0,193.0,86.0,22,12.0,20.0,778.0,20.0,2.0,1
Pape Matar Sarr,194,0,0,0.0,0.0,0.0,3.0,380.0,0.0,11.0,0.0,0.0,67.0,59.0,7.0,6,4.0,3.0,208.0,3.0,0.0,0
Pascal Groß,2969,8,0,5.0,5.0,11.0,30.0,7917.0,12.0,235.0,9.0,58.0,1009.0,748.0,295.0,13,21.0,30.0,2983.0,30.0,0.0,9
Pascal Struijk,2059,2,0,1.3,1.3,2.0,18.0,6492.0,3.0,114.0,0.0,0.0,625.0,458.0,99.0,31,39.0,18.0,1373.0,18.0,0.0,0
Patrick Bamford,1482,4,2,8.8,7.2,6.0,33.0,531.0,0.0,23.0,1.0,0.0,209.0,61.0,7.0,5,0.0,33.0,424.0,33.0,0.0,18
Patson Daka,1159,4,0,3.5,3.5,7.0,18.0,436.0,1.0,17.0,5.0,0.0,154.0,81.0,12.0,7,5.0,18.0,453.0,18.0,1.0,7
Pau Torres,2784,1,0,2.3,2.3,1.0,32.0,11676.0,1.0,188.0,8.0,0.0,615.0,936.0,380.0,13,25.0,32.0,7159.0,32.0,2.0,0
Paul Akouokou,440,0,0,0.2,0.2,0.0,5.0,518.0,0.0,8.0,1.0,0.0,63.0,63.0,18.0,12,12.0,5.0,97.0,5.0,0.0,0
Paul Onuachu,407,0,0,1.2,1.2,0.0,14.0,157.0,0.0,7.0,0.0,0.0,51.0,20.0,7.0,0,1.0,14.0,78.0,14.0,0.0,6
Pedri,1976,6,0,4.8,4.8,11.0,60.0,4967.0,2.0,184.0,24.0,1.0,632.0,546.0,198.0,13,15.0,60.0,3387.0,60.0,0.0,4
Pedro Bigas,1902,0,0,1.1,1.1,3.0,8.0,6853.0,1.0,79.0,0.0,0.0,300.0,458.0,188.0,32,29.0,8.0,2163.0,8.0,1.0,0
Pedro Neto,964,0,0,1.0,1.0,6.0,54.0,1035.0,4.0,24.0,2.0,11.0,186.0,118.0,54.0,4,4.0,54.0,1181.0,54.0,1.0,2
Pedro Porro,1042,2,0,1.7,1.7,4.0,41.0,2418.0,14.0,37.0,6.0,10.0,252.0,211.0,89.0,14,7.0,41.0,1303.0,41.0,0.0,1
Pere Milla,1781,6,3,5.2,2.8000000000000003,3.0,43.0,1702.0,2.0,64.0,2.0,0.0,272.0,162.0,62.0,9,17.0,43.0,921.0,43.0,1.0,12
Phil Foden,1612,10,0,5.0,5.0,14.0,69.0,2094.0,9.0,71.0,3.0,4.0,496.0,302.0,96.0,5,9.0,69.0,1718.0,69.0,1.0,6
Philip Billing,2674,7,0,4.8,4.8,6.0,44.0,2966.0,3.0,77.0,5.0,5.0,514.0,298.0,85.0,31,20.0,44.0,1622.0,44.0,0.0,3
Philippe Coutinho,788,1,0,1.2000000000000002,1.2000000000000002,0.0,34.0,976.0,2.0,48.0,5.0,3.0,210.0,112.0,36.0,4,8.0,34.0,739.0,34.0,0.0,2
Pierre-Emerick Aubameyang,563,1,0,1.4,1.4,0.0,5.0,229.0,1.0,3.0,0.0,0.0,70.0,29.0,4.0,2,1.0,5.0,260.0,5.0,0.0,0
Pol Lirola,616,1,0,0.2,0.2,0.0,19.0,1286.0,2.0,19.0,0.0,0.0,151.0,106.0,37.0,7,9.0,19.0,715.0,19.0,0.0,0
Pontus Jansson,724,1,0,0.30000000000000004,0.30000000000000004,1.0,2.0,1738.0,0.0,14.0,1.0,0.0,98.0,167.0,45.0,9,4.0,2.0,310.0,2.0,0.0,1
Portu,1609,0,0,0.7000000000000001,0.7000000000000001,3.0,41.0,2784.0,13.0,37.0,1.0,3.0,312.0,231.0,71.0,17,14.0,41.0,1363.0,41.0,0.0,7
Radamel Falcao,583,2,1,2.7,1.9000000000000001,0.0,16.0,208.0,0.0,13.0,0.0,0.0,91.0,37.0,7.0,2,1.0,16.0,119.0,16.0,0.0,11
Rafa Mir,1105,5,0,6.9,6.9,0.0,13.0,298.0,0.0,10.0,1.0,0.0,125.0,63.0,10.0,3,2.0,13.0,320.0,13.0,0.0,15
Raheem Sterling,1733,6,0,5.4,5.4,4.0,86.0,1276.0,9.0,53.0,6.0,7.0,354.0,172.0,29.0,2,5.0,86.0,1813.0,86.0,0.0,9
Raphinha,1936,7,0,8.6,8.6,15.0,98.0,3639.0,19.0,98.0,12.0,40.0,517.0,372.0,213.0,14,8.0,98.0,2649.0,98.0,0.0,14
Reece James,1244,1,0,0.9,0.9,3.0,40.0,4119.0,6.0,90.0,0.0,12.0,499.0,395.0,109.0,12,10.0,40.0,2018.0,40.0,1.0,4
Reinier,544,1,0,1.2,1.2,1.0,16.0,546.0,0.0,19.0,1.0,0.0,127.0,59.0,8.0,4,7.0,16.0,345.0,16.0,0.0,2
Reinildo Mandava,1857,0,0,0.2,0.2,1.0,24.0,5155.0,3.0,70.0,0.0,0.0,584.0,341.0,84.0,30,46.0,24.0,1819.0,24.0,0.0,0
Reiss Nelson,181,3,0,0.9,0.9,5.0,9.0,165.0,2.0,4.0,0.0,1.0,61.0,29.0,5.0,0,2.0,9.0,420.0,9.0,0.0,0
Remo Freuler,2161,0,0,0.5,0.5,0.0,12.0,3216.0,3.0,54.0,0.0,0.0,429.0,285.0,66.0,29,23.0,12.0,959.0,12.0,0.0,0
Renan Lodi,2169,0,0,0.8,0.8,4.0,38.0,3498.0,8.0,31.0,0.0,12.0,320.0,335.0,159.0,33,37.0,38.0,1361.0,38.0,0.0,2
Renato Tapia,1254,0,0,0.7000000000000001,0.7000000000000001,0.0,17.0,3306.0,1.0,59.0,0.0,1.0,256.0,322.0,137.0,17,19.0,17.0,1172.0,17.0,0.0,0
Ricardo Pereira,453,1,0,0.2,0.2,1.0,6.0,1528.0,3.0,27.0,0.0,0.0,145.0,123.0,27.0,4,7.0,6.0,320.0,6.0,0.0,0
Richarlison,995,1,0,2.9,2.9,5.0,31.0,693.0,3.0,28.0,4.0,0.0,140.0,81.0,18.0,5,13.0,31.0,717.0,31.0,2.0,9
Rico Henry,3148,0,0,1.5,1.5,5.0,48.0,4757.0,17.0,106.0,4.0,0.0,535.0,409.0,164.0,29,19.0,48.0,1769.0,48.0,1.0,2
Rico Lewis,633,0,0,0.1,0.1,0.0,10.0,1135.0,3.0,42.0,1.0,0.0,304.0,173.0,19.0,3,7.0,10.0,1106.0,10.0,0.0,0
Riyad Mahrez,1667,5,1,5.3999999999999995,4.6,20.0,65.0,2468.0,7.0,69.0,8.0,24.0,497.0,388.0,126.0,9,7.0,65.0,2211.0,65.0,0.0,6
Rob Holding,566,1,0,0.4,0.4,0.0,1.0,2701.0,0.0,24.0,1.0,0.0,152.0,207.0,69.0,3,4.0,1.0,881.0,1.0,0.0,0
Robert Lewandowski,2577,22,1,23.3,22.5,13.0,52.0,1459.0,2.0,86.0,13.0,0.0,383.0,193.0,42.0,2,2.0,52.0,1203.0,52.0,0.0,20
Roberto Firmino,1157,10,0,5.2,5.2,7.0,23.0,1872.0,1.0,76.0,7.0,0.0,309.0,150.0,26.0,6,2.0,23.0,680.0,23.0,0.0,5
Robin Koch,2995,0,0,1.0,1.0,2.0,2.0,10325.0,0.0,100.0,2.0,0.0,452.0,747.0,271.0,42,31.0,2.0,2520.0,2.0,0.0,1
Robin Le Normand,2616,0,0,0.9,0.9,1.0,2.0,8137.0,0.0,106.0,2.0,0.0,496.0,829.0,201.0,31,25.0,2.0,3326.0,2.0,0.0,2
Rodri,2808,2,0,4.5,4.5,10.0,35.0,11441.0,3.0,257.0,2.0,0.0,1145.0,1322.0,345.0,33,27.0,35.0,5414.0,35.0,0.0,3
Rodrigo,28180,45,1,46.1,45.300000000000004,73.0,680.0,37791.0,68.0,1495.0,40.0,32.0,5935.0,3172.0,1052.0,141,38.0,680.0,15679.0,680.0,1.0,103
Rodrigo Bentancur,1500,5,0,2.1,2.1,5.0,34.0,3178.0,4.0,76.0,3.0,0.0,413.0,336.0,70.0,20,15.0,34.0,1444.0,34.0,0.0,0
Rodrigo Ely,2885,0,0,0.6000000000000001,0.6000000000000001,2.0,6.0,9577.0,0.0,48.0,2.0,0.0,316.0,745.0,313.0,28,23.0,6.0,1902.0,6.0,0.0,2
Rodrigo Riquelme,2121,4,0,4.3,4.3,9.0,136.0,2243.0,7.0,85.0,4.0,6.0,338.0,224.0,69.0,11,8.0,136.0,3228.0,136.0,0.0,5
Rodrygo,2119,6,1,12.7,11.9,19.0,146.0,1894.0,2.0,75.0,2.0,3.0,607.0,168.0,39.0,8,2.0,146.0,3110.0,146.0,2.0,8
Romain Perraud,1835,2,0,1.1,1.1,5.0,38.0,3419.0,8.0,62.0,1.0,0.0,443.0,270.0,91.0,20,23.0,38.0,1388.0,38.0,0.0,3
Roque Mesa,1408,2,0,1.3,1.3,1.0,24.0,3859.0,3.0,105.0,3.0,0.0,294.0,304.0,142.0,10,16.0,24.0,1762.0,24.0,0.0,1
Ruben Loftus-Cheek,1388,0,0,0.8,0.8,4.0,54.0,2602.0,1.0,76.0,1.0,0.0,477.0,268.0,37.0,11,8.0,54.0,1854.0,54.0,0.0,1
Ryan Christie,1770,1,0,2.9,2.9,4.0,80.0,1978.0,2.0,67.0,6.0,11.0,311.0,188.0,80.0,26,10.0,80.0,1389.0,80.0,0.0,1
Ryan Fraser,313,0,0,0.30000000000000004,0.30000000000000004,0.0,2.0,289.0,1.0,9.0,0.0,0.0,59.0,41.0,8.0,0,0.0,2.0,322.0,2.0,0.0,1
Ryan Fredericks,533,0,0,0.0,0.0,1.0,10.0,735.0,1.0,15.0,0.0,0.0,96.0,88.0,15.0,1,2.0,10.0,395.0,10.0,0.0,0
Ryan Sessegnon,813,2,0,1.7,1.7,2.0,11.0,1075.0,3.0,22.0,2.0,0.0,213.0,120.0,29.0,6,9.0,11.0,815.0,11.0,0.0,7
Ryan Yates,1747,0,0,2.4,2.4,3.0,9.0,1732.0,0.0,42.0,0.0,0.0,231.0,230.0,60.0,9,17.0,9.0,568.0,9.0,1.0,1
Sam Greenwood,417,1,0,0.7000000000000001,0.7000000000000001,3.0,7.0,842.0,0.0,14.0,0.0,12.0,62.0,56.0,51.0,1,7.0,7.0,274.0,7.0,0.0,0
Sam Surridge,321,1,0,1.9000000000000001,1.9000000000000001,1.0,5.0,168.0,0.0,6.0,0.0,0.0,43.0,24.0,3.0,0,1.0,5.0,140.0,5.0,0.0,3
Saman Ghoddos,137,0,0,0.0,0.0,0.0,2.0,278.0,0.0,7.0,1.0,1.0,36.0,24.0,17.0,4,0.0,2.0,64.0,2.0,0.0,0
Samu Castillejo,1337,4,0,3.0,3.0,1.0,65.0,2123.0,6.0,75.0,2.0,20.0,277.0,193.0,88.0,9,8.0,65.0,1632.0,65.0,0.0,7
Samuel Chukwueze,2192,6,0,6.3,6.3,15.0,160.0,2038.0,7.0,76.0,9.0,2.0,432.0,263.0,70.0,11,7.0,160.0,3460.0,160.0,1.0,11
Samuel Edozie,567,0,0,0.8,0.8,0.0,37.0,354.0,1.0,13.0,1.0,0.0,93.0,34.0,10.0,6,6.0,37.0,741.0,37.0,1.0,1
Santi Comesaña,2215,3,0,2.3,2.3,3.0,52.0,4607.0,1.0,142.0,0.0,0.0,549.0,404.0,102.0,28,24.0,52.0,2013.0,52.0,0.0,4
Santiago Arzamendia,483,0,0,0.2,0.2,0.0,6.0,1025.0,0.0,17.0,0.0,1.0,94.0,73.0,36.0,2,7.0,6.0,349.0,6.0,0.0,1
Santiago Bueno,2957,0,0,1.1,1.1,4.0,4.0,10387.0,1.0,139.0,1.0,0.0,541.0,898.0,272.0,30,41.0,4.0,4358.0,4.0,2.0,2
Sasa Kalajdzic,45,0,0,0.3,0.3,0.0,0.0,0.0,0.0,0.0,0.0,0.0,2.0,1.0,0.0,1,0.0,0.0,3.0,0.0,0.0,0
Sasa Lukic,347,0,0,0.0,0.0,1.0,4.0,574.0,0.0,11.0,0.0,0.0,87.0,92.0,16.0,4,1.0,4.0,365.0,4.0,0.0,0
Scott McKenna,1571,0,0,0.1,0.1,1.0,7.0,4319.0,1.0,35.0,0.0,0.0,195.0,394.0,122.0,12,7.0,7.0,929.0,7.0,0.0,0
Scott McTominay,1131,1,0,1.2,1.2,0.0,26.0,1480.0,1.0,31.0,3.0,0.0,215.0,138.0,34.0,13,16.0,26.0,755.0,26.0,0.0,0
Seamus Coleman,1656,1,0,0.2,0.2,2.0,36.0,3826.0,7.0,61.0,0.0,0.0,350.0,299.0,99.0,22,21.0,36.0,925.0,36.0,0.0,2
Sean Longstaff,2428,1,0,3.4,3.4,6.0,27.0,4111.0,5.0,112.0,7.0,0.0,515.0,397.0,124.0,16,16.0,27.0,1135.0,27.0,0.0,5
Selim Amallah,267,2,0,0.7999999999999999,0.7999999999999999,2.0,25.0,268.0,0.0,10.0,0.0,0.0,38.0,30.0,8.0,5,7.0,25.0,254.0,25.0,0.0,1
Serge Aurier,1853,1,0,0.7,0.7,1.0,29.0,4288.0,6.0,68.0,1.0,0.0,443.0,323.0,90.0,29,40.0,29.0,1339.0,29.0,0.0,0
Sergi Darder,3077,6,0,2.8,2.8,9.0,123.0,7871.0,14.0,217.0,13.0,38.0,507.0,570.0,338.0,23,11.0,123.0,4275.0,123.0,0.0,2
Sergi Guardiola,1471,3,0,3.9,3.9,0.0,30.0,631.0,2.0,29.0,0.0,0.0,189.0,97.0,19.0,4,6.0,30.0,438.0,30.0,0.0,13
Sergi Roberto,1099,4,0,1.7999999999999998,1.7999999999999998,2.0,13.0,2313.0,6.0,82.0,1.0,0.0,439.0,256.0,58.0,10,12.0,13.0,1517.0,13.0,0.0,1
Sergio Akieme,2189,1,0,1.4,1.4,3.0,47.0,4779.0,16.0,58.0,3.0,0.0,467.0,373.0,123.0,13,19.0,47.0,2198.0,47.0,0.0,0
Sergio Busquets,2255,0,0,0.2,0.2,6.0,16.0,8493.0,3.0,236.0,15.0,0.0,783.0,772.0,212.0,27,24.0,16.0,2386.0,16.0,0.0,0
Sergio Camello,2288,6,0,7.2,7.2,7.0,43.0,680.0,0.0,38.0,1.0,0.0,261.0,149.0,24.0,2,3.0,43.0,948.0,43.0,0.0,11
Sergio Canales,2143,4,1,4.3,3.5,6.0,49.0,3854.0,9.0,127.0,11.0,23.0,609.0,366.0,180.0,11,9.0,49.0,2811.0,49.0,0.0,4
Sergio Escudero,1384,1,0,1.4,1.4,0.0,17.0,3540.0,8.0,38.0,0.0,5.0,278.0,259.0,124.0,24,20.0,17.0,764.0,17.0,0.0,1
Shandon Baptiste,608,0,0,0.4,0.4,4.0,13.0,1121.0,2.0,39.0,2.0,2.0,142.0,104.0,32.0,7,6.0,13.0,507.0,13.0,0.0,1
Shane Duffy,20,0,0,0.2,0.2,0.0,1.0,61.0,0.0,0.0,0.0,0.0,5.0,10.0,4.0,0,0.0,1.0,18.0,1.0,0.0,0
Solly March,2715,7,0,8.0,8.0,14.0,114.0,4026.0,15.0,135.0,3.0,33.0,526.0,481.0,208.0,24,16.0,114.0,3074.0,114.0,0.0,12
Stefan Bajcetic,526,1,0,0.7,0.7,1.0,16.0,694.0,1.0,24.0,0.0,0.0,118.0,89.0,29.0,9,5.0,16.0,450.0,16.0,0.0,0
Stefan Mitrovic,1410,0,0,0.1,0.1,0.0,1.0,3251.0,0.0,12.0,0.0,0.0,114.0,219.0,95.0,14,9.0,1.0,466.0,1.0,0.0,0
Stefan Savic,1853,0,0,0.2,0.2,1.0,5.0,7231.0,0.0,74.0,0.0,0.0,396.0,545.0,147.0,31,28.0,5.0,2506.0,5.0,0.0,1
Steve Cook,957,0,0,0.1,0.1,0.0,1.0,2511.0,1.0,19.0,0.0,0.0,99.0,261.0,91.0,12,4.0,1.0,577.0,1.0,0.0,0
Stuart Armstrong,1361,2,0,2.5,2.5,2.0,50.0,2173.0,7.0,74.0,3.0,0.0,333.0,221.0,54.0,9,15.0,50.0,1898.0,50.0,0.0,1
Suso,1005,2,0,0.9,0.9,6.0,39.0,2077.0,7.0,85.0,5.0,7.0,236.0,191.0,99.0,2,4.0,39.0,1192.0,39.0,0.0,7
Sven Botman,2947,0,0,2.4,2.4,1.0,1.0,10406.0,1.0,80.0,0.0,0.0,502.0,858.0,244.0,32,30.0,1.0,2550.0,1.0,0.0,2
Taiwo Awoniyi,1316,9,0,6.3,6.3,3.0,21.0,284.0,0.0,12.0,2.0,0.0,124.0,49.0,7.0,3,2.0,21.0,467.0,21.0,0.0,15
Takefusa Kubo,2208,8,0,5.3,5.3,11.0,100.0,2106.0,4.0,70.0,3.0,10.0,392.0,220.0,61.0,7,18.0,100.0,2803.0,100.0,2.0,20
Takehiro Tomiyasu,663,0,0,0.2,0.2,2.0,4.0,2036.0,2.0,51.0,2.0,0.0,200.0,199.0,56.0,14,12.0,4.0,624.0,4.0,0.0,0
Tanguy Nianzou,1321,1,0,0.5,0.5,0.0,12.0,3954.0,0.0,65.0,1.0,0.0,275.0,391.0,73.0,16,10.0,12.0,1373.0,12.0,0.0,0
Tariq Lamptey,453,0,0,0.2,0.2,0.0,28.0,854.0,5.0,26.0,1.0,0.0,149.0,116.0,21.0,7,6.0,28.0,808.0,28.0,0.0,0
Tete Morente,1798,3,0,3.0,3.0,2.0,58.0,2457.0,8.0,55.0,0.0,2.0,347.0,201.0,77.0,21,15.0,58.0,1506.0,58.0,1.0,8
Theo Walcott,963,2,0,2.0,2.0,1.0,23.0,423.0,2.0,11.0,0.0,0.0,131.0,58.0,11.0,9,7.0,23.0,591.0,23.0,0.0,14
Thiago Silva,2172,0,0,1.3,1.3,2.0,4.0,13085.0,0.0,98.0,0.0,0.0,675.0,976.0,250.0,30,22.0,4.0,3679.0,4.0,0.0,0
Thierry Correia,1809,0,0,0.2,0.2,1.0,32.0,5295.0,11.0,90.0,1.0,0.0,551.0,413.0,178.0,24,43.0,32.0,2163.0,32.0,2.0,1
Thilo Kehrer,2095,0,0,0.4,0.4,4.0,11.0,5473.0,1.0,56.0,1.0,0.0,419.0,469.0,111.0,32,24.0,11.0,1327.0,11.0,0.0,0
Thomas Lemar,1246,1,0,0.8,0.8,7.0,43.0,2765.0,6.0,79.0,6.0,5.0,432.0,237.0,82.0,7,10.0,43.0,1616.0,43.0,0.0,2
Thomas Partey,2393,3,0,2.2,2.2,5.0,43.0,8868.0,2.0,223.0,11.0,0.0,851.0,775.0,234.0,28,20.0,43.0,3662.0,43.0,0.0,0
Tim Ream,2897,1,0,0.2,0.2,0.0,15.0,12543.0,0.0,142.0,0.0,0.0,472.0,1035.0,379.0,41,15.0,15.0,5069.0,15.0,0.0,1
Timothy Castagne,3075,2,0,1.9000000000000001,1.9000000000000001,5.0,28.0,8100.0,10.0,104.0,3.0,0.0,968.0,566.0,125.0,43,50.0,28.0,1915.0,28.0,0.0,6
Tino Kadewere,478,1,0,1.6,1.6,0.0,11.0,198.0,0.0,2.0,0.0,0.0,71.0,38.0,10.0,1,2.0,11.0,310.0,11.0,0.0,5
Tom Cairney,909,2,0,1.4000000000000001,1.4000000000000001,3.0,18.0,2311.0,5.0,86.0,2.0,7.0,340.0,250.0,80.0,5,4.0,18.0,1457.0,18.0,0.0,0
Tom Davies,538,0,0,1.1,1.1,0.0,6.0,850.0,0.0,30.0,3.0,0.0,111.0,76.0,29.0,4,5.0,6.0,253.0,6.0,0.0,1
Tomas Soucek,2725,2,0,3.7,3.7,3.0,16.0,3305.0,6.0,87.0,0.0,1.0,449.0,325.0,102.0,50,39.0,16.0,664.0,16.0,0.0,2
Toni Kroos,1885,2,0,1.2,1.2,5.0,19.0,13093.0,7.0,282.0,3.0,27.0,856.0,846.0,369.0,19,11.0,19.0,3696.0,19.0,0.0,0
Toni Lato,881,1,0,0.4,0.4,3.0,10.0,2005.0,2.0,39.0,1.0,2.0,226.0,173.0,61.0,6,9.0,10.0,789.0,10.0,0.0,4
Toni Villa,986,1,0,1.0,1.0,7.0,76.0,1277.0,5.0,42.0,0.0,1.0,188.0,113.0,26.0,8,11.0,76.0,1264.0,76.0,0.0,8
Tosin Adarabioyo,1995,1,0,0.7000000000000001,0.7000000000000001,0.0,7.0,8056.0,0.0,92.0,2.0,0.0,293.0,707.0,210.0,24,19.0,7.0,2633.0,7.0,0.0,3
Trent Alexander-Arnold,2833,2,0,2.0,2.0,15.0,44.0,15626.0,25.0,223.0,26.0,16.0,1100.0,1006.0,613.0,43,31.0,44.0,3133.0,44.0,0.0,5
Trevoh Chalobah,1383,0,0,0.5,0.5,3.0,9.0,4686.0,1.0,70.0,0.0,0.0,414.0,528.0,87.0,23,19.0,9.0,1307.0,9.0,0.0,0
Tyler Adams,2156,0,0,0.0,0.0,1.0,22.0,5061.0,0.0,136.0,1.0,0.0,686.0,460.0,107.0,35,44.0,22.0,1555.0,22.0,0.0,1
Tyrell Malacia,1261,0,0,0.2,0.2,0.0,18.0,2642.0,0.0,39.0,0.0,2.0,420.0,204.0,60.0,22,31.0,18.0,984.0,18.0,0.0,3
Tyrese Francois,1,0,0,0.0,0.0,0.0,0.0,2.0,0.0,0.0,0.0,0.0,1.0,0.0,0.0,0,0.0,0.0,0.0,0.0,0.0,0
Tyrick Mitchell,2801,0,0,0.6000000000000001,0.6000000000000001,3.0,30.0,8035.0,8.0,99.0,0.0,0.0,679.0,617.0,165.0,42,42.0,30.0,1364.0,30.0,0.0,2
Tyrone Mings,3060,1,0,1.1,1.1,4.0,12.0,11611.0,0.0,110.0,1.0,0.0,579.0,971.0,284.0,52,10.0,12.0,4477.0,12.0,1.0,3
Umar Sadiq,322,3,0,2.0,2.0,0.0,15.0,69.0,0.0,3.0,0.0,0.0,24.0,12.0,1.0,0,0.0,15.0,220.0,15.0,0.0,11
Vedat Muriqi,2693,13,5,11.3,7.3999999999999995,5.0,26.0,1214.0,0.0,53.0,3.0,0.0,391.0,232.0,43.0,10,4.0,26.0,792.0,26.0,1.0,27
Vinicius Junior,2733,10,0,10.4,10.4,21.0,295.0,2340.0,2.0,84.0,4.0,0.0,647.0,252.0,71.0,6,10.0,295.0,5471.0,295.0,1.0,22
Virgil van Dijk,2835,3,0,2.5,2.5,3.0,1.0,16670.0,0.0,127.0,1.0,0.0,900.0,1306.0,344.0,31,13.0,1.0,3152.0,1.0,0.0,3
Vitaliy Mykolenko,2655,0,0,0.4,0.4,3.0,25.0,5874.0,11.0,100.0,1.0,1.0,585.0,477.0,147.0,46,36.0,25.0,1491.0,25.0,0.0,0
Vitaly Janelt,2118,3,0,2.0,2.0,4.0,24.0,3849.0,8.0,82.0,3.0,1.0,450.0,352.0,136.0,28,20.0,24.0,1225.0,24.0,0.0,2
Vladimir Coufal,1956,0,0,0.2,0.2,3.0,16.0,5835.0,12.0,79.0,0.0,0.0,368.0,395.0,205.0,37,33.0,16.0,1569.0,16.0,0.0,1
Wesley Fofana,1138,1,0,0.8,0.8,2.0,15.0,3029.0,0.0,42.0,0.0,0.0,347.0,404.0,52.0,28,19.0,15.0,2479.0,15.0,0.0,1
Weston McKennie,1295,0,0,0.6000000000000001,0.6000000000000001,2.0,15.0,2440.0,3.0,76.0,4.0,0.0,274.0,178.0,70.0,22,4.0,15.0,692.0,15.0,0.0,1
Wilfred Ndidi,1591,0,0,0.1,0.1,2.0,15.0,2825.0,0.0,51.0,1.0,0.0,421.0,345.0,65.0,36,30.0,15.0,1015.0,15.0,0.0,0
Wilfried Zaha,2288,7,2,6.6,4.9,7.0,137.0,1594.0,3.0,75.0,3.0,0.0,370.0,185.0,37.0,16,12.0,137.0,2139.0,137.0,1.0,14
Will Hughes,753,0,0,0.2,0.2,1.0,7.0,1091.0,0.0,31.0,1.0,2.0,181.0,112.0,24.0,16,11.0,7.0,587.0,7.0,0.0,0
William Carvalho,2284,3,0,3.2,3.2,6.0,49.0,6867.0,1.0,192.0,11.0,0.0,792.0,563.0,184.0,14,17.0,49.0,2472.0,49.0,0.0,2
William Saliba,2415,2,0,0.9,0.9,2.0,11.0,11617.0,0.0,99.0,0.0,0.0,767.0,905.0,144.0,19,23.0,11.0,3908.0,11.0,0.0,0
Willian,2036,5,0,3.5,3.5,10.0,69.0,2436.0,1.0,110.0,3.0,7.0,413.0,274.0,137.0,9,8.0,69.0,2685.0,69.0,0.0,4
Williot Swedberg,55,0,0,0.0,0.0,0.0,2.0,50.0,0.0,4.0,0.0,0.0,10.0,5.0,0.0,0,1.0,2.0,66.0,2.0,0.0,0
Willy Boly,614,0,0,0.0,0.0,1.0,2.0,1595.0,0.0,11.0,0.0,0.0,74.0,119.0,43.0,12,8.0,2.0,352.0,2.0,0.0,3
Wout Faes,2606,0,0,1.0,1.0,4.0,12.0,9929.0,0.0,72.0,2.0,0.0,619.0,907.0,211.0,40,26.0,12.0,3460.0,12.0,0.0,0
Wout Weghorst,783,0,0,1.8,1.8,2.0,9.0,446.0,0.0,17.0,4.0,0.0,118.0,40.0,13.0,7,6.0,9.0,154.0,9.0,0.0,5
Yan Couto,1065,1,0,0.4,0.4,4.0,56.0,1956.0,9.0,48.0,0.0,0.0,237.0,191.0,66.0,5,9.0,56.0,1711.0,56.0,0.0,2
Yangel Herrera,808,2,0,2.0,2.0,3.0,15.0,1102.0,1.0,43.0,3.0,0.0,167.0,112.0,38.0,3,9.0,15.0,569.0,15.0,0.0,1
Yannick Carrasco,2140,6,1,7.3,6.5,8.0,116.0,3264.0,7.0,81.0,4.0,34.0,566.0,260.0,90.0,12,21.0,116.0,3330.0,116.0,0.0,4
Yasin Ayari,22,0,0,0.0,0.0,0.0,0.0,94.0,0.0,2.0,1.0,0.0,6.0,2.0,3.0,0,0.0,0.0,25.0,0.0,0.0,0
Yerry Mina,504,2,0,1.4000000000000001,1.4000000000000001,0.0,2.0,1573.0,0.0,10.0,0.0,0.0,113.0,148.0,21.0,5,8.0,2.0,549.0,2.0,0.0,0
Yoane Wissa,1518,7,0,5.4,5.4,6.0,43.0,591.0,0.0,27.0,4.0,0.0,189.0,75.0,27.0,6,3.0,43.0,652.0,43.0,1.0,17
Youba Diarra,98,0,0,0.0,0.0,0.0,0.0,184.0,0.0,3.0,1.0,0.0,16.0,20.0,11.0,2,2.0,0.0,72.0,0.0,0.0,0
Youri Tielemans,2164,3,2,2.3000000000000003,0.8,3.0,30.0,7020.0,7.0,173.0,12.0,6.0,675.0,555.0,190.0,27,26.0,30.0,1978.0,30.0,0.0,1
Youssef En-Nesyri,1584,8,0,7.8,7.8,4.0,20.0,312.0,0.0,12.0,1.0,0.0,130.0,69.0,8.0,4,3.0,20.0,314.0,20.0,0.0,18
Youssouf Sabaly,1545,1,0,0.4,0.4,2.0,38.0,4149.0,1.0,70.0,0.0,0.0,475.0,292.0,55.0,18,26.0,38.0,1615.0,38.0,0.0,0
Yunus Musah,2107,0,0,1.7000000000000002,1.7000000000000002,3.0,69.0,2277.0,4.0,93.0,3.0,0.0,348.0,296.0,64.0,11,17.0,69.0,2416.0,69.0,0.0,3
Yuri Berchiche,2136,1,0,0.9,0.9,2.0,22.0,7640.0,13.0,155.0,1.0,0.0,626.0,546.0,142.0,39,24.0,22.0,2134.0,22.0,1.0,5
Yves Bissouma,934,0,0,0.0,0.0,1.0,8.0,2179.0,1.0,60.0,1.0,0.0,338.0,272.0,44.0,9,3.0,8.0,1096.0,8.0,0.0,1
